card_id,customer_id,card_type,issue_date,expiry_date,card_status
914,0,Credit,2024-01-02,2028-12-31,Expired
429,0,Credit,2024-01-04,2029-01-02,Active
1574,0,Credit,2024-01-11,2029-01-09,Unknown
1692,0,Credit,2024-01-16,2029-01-14,Expired
1644,0,Credit,2024-01-20,2029-01-18,Blocked
1279,0,Credit,2024-01-01,2029-01-22,Unknown
1788,0,Credit,2024-01-29,2029-01-27,Expired
1661,0,Credit,2024-01-30,2029-01-28,Active
1908,0,Credit,2024-02-15,2029-02-13,Expired
1378,0,Credit,2024-02-16,2024-01-01,Blocked
1127,0,Credit,2024-02-21,2029-02-19,Expired
1672,0,Credit,2024-02-25,2029-02-23,Active
1618,0,Credit,2024-04-08,2029-04-07,Blocked
1129,0,Credit,2024-04-09,2029-04-08,Blocked
1100,0,Credit,2024-04-11,2024-01-01,Expired
530,0,Credit,2024-05-19,2029-05-18,Expired
447,0,Credit,2024-05-21,2029-05-20,Active
312,0,Credit,2024-05-29,2029-05-28,Expired
1748,0,Credit,2024-05-29,2029-05-28,Blocked
1832,0,Credit,2024-06-24,2029-06-23,Blocked
1800,0,Credit,2024-06-26,2029-06-25,Blocked
1472,0,Credit,2024-07-02,2029-07-01,Blocked
869,0,Credit,2024-07-11,2029-07-10,Active
488,0,Credit,2024-07-13,2029-07-12,Blocked
1220,0,Credit,2024-07-15,2029-07-14,Blocked
557,0,Credit,2024-01-01,2029-07-24,Blocked
1818,0,Credit,2024-08-15,2029-08-14,Blocked
552,0,Credit,2024-08-30,2029-08-29,Blocked
958,0,Credit,2024-09-10,2029-09-09,Blocked
1923,0,Credit,2024-09-19,2029-09-18,Active
208,0,Credit,2024-01-01,2029-09-27,Expired
1332,0,Credit,2024-10-10,2029-10-09,Active
1034,0,Credit,2024-10-31,2029-10-30,Expired
214,0,Credit,2024-11-07,2029-11-06,Expired
833,0,Credit,2024-01-01,2024-01-01,Expired
52,0,Credit,2024-01-01,2029-11-11,Active
560,0,Credit,2024-11-21,2029-11-20,Active
1161,0,Credit,2024-11-22,2029-11-21,Blocked
333,0,Credit,2024-11-22,2029-11-21,Unknown
1485,0,Credit,2024-12-07,2029-12-06,Active
580,0,Credit,2024-12-18,2029-12-17,Expired
1449,0,Credit,2025-01-01,2029-12-31,Expired
928,0,Credit,2025-01-11,2030-01-10,Active
1749,0,Credit,2025-01-15,2030-01-14,Expired
1341,0,Credit,2025-01-20,2030-01-19,Expired
973,0,Credit,2025-01-21,2030-01-20,Unknown
1740,0,Credit,2025-01-29,2030-01-28,Expired
1670,0,Credit,2025-02-06,2030-02-05,Expired
1931,0,Credit,2024-01-01,2030-02-10,Active
944,0,Credit,2025-02-16,2030-02-15,Unknown
1186,0,Credit,2025-03-03,2030-03-02,Active
504,0,Credit,2025-03-04,2030-03-03,Expired
33,0,Credit,2025-03-07,2030-03-06,Unknown
1474,0,Credit,2025-03-16,2030-03-15,Blocked
15,0,Credit,2025-04-01,2030-03-31,Expired
1203,0,Credit,2025-04-08,2030-04-07,Blocked
1267,0,Credit,2025-04-09,2030-04-08,Expired
76,0,Credit,2025-04-11,2030-04-10,Blocked
161,0,Credit,2025-04-20,2030-04-19,Active
1377,0,Credit,2025-04-28,2030-04-27,Blocked
163,0,Credit,2025-05-10,2030-05-09,Expired
1677,0,Credit,2025-05-17,2030-05-16,Blocked
976,0,Credit,2024-01-01,2030-05-21,Expired
809,0,Credit,2025-05-29,2030-05-28,Blocked
128,0,Credit,2025-06-08,2030-06-07,Expired
1641,0,Credit,2025-06-11,2030-06-10,Blocked
1769,0,Credit,2025-06-16,2030-06-15,Expired
345,0,Credit,2025-06-23,2030-06-22,Expired
1581,0,Credit,2025-08-15,2030-08-14,Expired
858,0,Credit,2025-08-16,2030-08-15,Active
1916,0,Credit,2025-09-04,2030-09-03,Active
795,0,Credit,2025-09-09,2030-09-08,Blocked
279,0,Credit,2025-09-21,2030-09-20,Unknown
1289,0,Credit,2025-10-06,2030-10-05,Blocked
61,0,Credit,2025-11-07,2030-11-06,Expired
30,0,Credit,2025-11-18,2030-11-17,Expired
1258,0,Credit,2025-11-18,2030-11-17,Blocked
1282,0,Credit,2025-11-21,2030-11-20,Expired
1349,0,Credit,2025-11-23,2030-11-22,Active
1947,0,Credit,2025-12-08,2030-12-07,Expired
997,0,Credit,2025-12-19,2030-12-18,Expired
913,0,Debit,2024-01-06,2029-01-04,Active
1198,0,Unknown,2024-01-10,2029-01-08,Active
835,0,Debit,2024-02-09,2029-02-07,Expired
1407,0,Debit,2024-02-11,2024-01-01,Active
1365,0,Debit,2024-02-19,2029-02-17,Blocked
866,0,Unknown,2024-02-26,2029-02-24,Expired
1680,0,Debit,2024-03-16,2029-03-15,Active
911,0,Unknown,2024-03-25,2029-03-24,Blocked
1125,0,Unknown,2024-01-01,2029-03-26,Blocked
392,0,Debit,2024-03-28,2029-03-27,Expired
889,0,Debit,2024-04-09,2029-04-08,Expired
558,0,Debit,2024-04-13,2029-04-12,Blocked
1721,0,Debit,2024-04-20,2029-04-19,Blocked
437,0,Unknown,2024-04-27,2029-04-26,Unknown
736,0,Debit,2024-04-28,2029-04-27,Active
1037,0,Debit,2024-05-07,2029-05-06,Blocked
1628,0,Debit,2024-07-07,2029-07-06,Active
1162,0,Debit,2024-01-01,2029-07-13,Blocked
642,0,Debit,2024-07-16,2029-07-15,Blocked
1718,0,Debit,2024-07-16,2029-07-15,Blocked
1476,0,Debit,2024-07-25,2029-07-24,Blocked
1105,0,Debit,2024-08-06,2029-08-05,Blocked
233,0,Debit,2024-08-09,2029-08-08,Unknown
1844,0,Unknown,2024-08-26,2024-01-01,Active
1380,0,Debit,2024-09-05,2029-09-04,Active
1781,0,Debit,2024-09-11,2029-09-10,Unknown
1044,0,Debit,2024-09-12,2029-09-11,Unknown
542,0,Debit,2024-09-17,2029-09-16,Expired
1039,0,Debit,2024-09-21,2029-09-20,Expired
1770,0,Debit,2024-09-25,2029-09-24,Blocked
647,0,Debit,2024-09-28,2029-09-27,Active
20,0,Debit,2024-10-08,2029-10-07,Active
491,0,Debit,2024-11-02,2029-11-01,Active
897,0,Debit,2024-11-11,2029-11-10,Active
1907,0,Unknown,2024-11-24,2029-11-23,Blocked
1722,0,Debit,2024-12-18,2029-12-17,Expired
1826,0,Unknown,2024-12-23,2029-12-22,Expired
1728,0,Debit,2024-12-24,2029-12-23,Expired
1649,0,Debit,2025-01-04,2030-01-03,Blocked
91,0,Debit,2025-01-04,2030-01-03,Active
1676,0,Debit,2025-01-13,2030-01-12,Active
1625,0,Debit,2025-01-15,2030-01-14,Unknown
577,0,Debit,2025-01-16,2030-01-15,Active
977,0,Debit,2025-01-23,2030-01-22,Active
1183,0,Debit,2025-02-11,2030-02-10,Unknown
357,0,Debit,2025-02-12,2030-02-11,Unknown
294,0,Unknown,2025-02-16,2030-02-15,Expired
1508,0,Debit,2025-02-28,2030-02-27,Expired
1236,0,Debit,2025-03-15,2030-03-14,Expired
1120,0,Debit,2025-03-20,2030-03-19,Active
167,0,Debit,2025-03-28,2030-03-27,Unknown
534,0,Debit,2025-04-10,2030-04-09,Unknown
432,0,Debit,2025-04-10,2030-04-09,Expired
840,0,Unknown,2025-04-14,2030-04-13,Blocked
486,0,Debit,2024-01-01,2030-04-18,Blocked
1519,0,Debit,2025-04-30,2030-04-29,Active
385,0,Debit,2025-05-04,2030-05-03,Active
1137,0,Unknown,2025-05-28,2030-05-27,Blocked
248,0,Debit,2025-07-23,2030-07-22,Active
399,0,Debit,2025-08-02,2030-08-01,Blocked
397,0,Debit,2025-08-11,2030-08-10,Expired
805,0,Debit,2025-08-14,2030-08-13,Expired
1889,0,Debit,2025-08-30,2030-08-29,Blocked
734,0,Debit,2025-09-01,2030-08-31,Active
307,0,Debit,2024-01-01,2030-10-11,Active
149,0,Debit,2025-10-24,2030-10-23,Active
309,0,Debit,2025-11-15,2030-11-14,Active
812,0,Debit,2024-01-01,2030-11-29,Expired
1085,0,Debit,2025-12-01,2030-11-30,Unknown
583,0,Debit,2025-12-16,2030-12-15,Active
850,0,Debit,2024-01-01,2030-12-19,Blocked
1876,1765,Unknown,2024-01-01,2028-12-30,Expired
544,2164,Unknown,2024-01-04,2029-01-02,Active
1293,1726,Unknown,2024-01-14,2029-01-12,Active
802,2614,Unknown,2024-01-14,2029-01-12,Active
471,1763,Unknown,2024-01-17,2029-01-15,Expired
388,2250,Unknown,2024-01-18,2029-01-16,Blocked
1263,2619,Unknown,2024-01-27,2029-01-25,Expired
197,1220,Unknown,2024-01-27,2029-01-25,Active
1394,1866,Unknown,2024-01-30,2029-01-28,Active
36,1135,Unknown,2024-02-01,2029-01-30,Blocked
1613,2721,Unknown,2024-02-03,2029-02-01,Expired
1490,1214,Unknown,2024-02-04,2029-02-02,Expired
777,2537,Unknown,2024-02-06,2029-02-04,Active
288,1666,Unknown,2024-02-13,2029-02-11,Blocked
1720,2555,Unknown,2024-02-20,2029-02-18,Blocked
932,1820,Unknown,2024-02-28,2029-02-26,Unknown
1530,1831,Unknown,2024-03-03,2029-03-02,Blocked
1097,2437,Unknown,2024-03-04,2029-03-03,Active
649,1400,Unknown,2024-03-08,2029-03-07,Expired
1811,1176,Unknown,2024-03-15,2029-03-14,Expired
481,1014,Unknown,2024-03-18,2029-03-17,Expired
1999,1334,Unknown,2024-01-01,2029-03-26,Blocked
100,2180,Unknown,2024-03-29,2029-03-28,Active
1655,2427,Unknown,2024-03-31,2029-03-30,Expired
923,1458,Unknown,2024-04-03,2029-04-02,Active
906,1169,Unknown,2024-04-05,2029-04-04,Active
1945,1156,Unknown,2024-04-08,2029-04-07,Active
929,2029,Unknown,2024-01-01,2029-04-08,Active
506,2400,Unknown,2024-04-19,2029-04-18,Blocked
1471,1199,Unknown,2024-04-20,2029-04-19,Active
1828,1267,Unknown,2024-04-23,2029-04-22,Expired
1,2980,Unknown,2024-04-26,2029-04-25,Expired
651,2436,Unknown,2024-04-27,2024-01-01,Blocked
1273,1665,Unknown,2024-05-05,2029-05-04,Expired
1441,2499,Unknown,2024-05-07,2029-05-06,Blocked
545,2112,Unknown,2024-05-10,2024-01-01,Expired
1088,2359,Unknown,2024-05-11,2029-05-10,Blocked
638,1859,Unknown,2024-05-13,2029-05-12,Blocked
1685,1258,Unknown,2024-05-22,2029-05-21,Active
22,1038,Unknown,2024-05-23,2029-05-22,Expired
1554,2066,Unknown,2024-06-08,2029-06-07,Expired
207,2842,Unknown,2024-06-09,2029-06-08,Active
1948,1271,Unknown,2024-06-14,2029-06-13,Expired
1229,2634,Unknown,2024-06-14,2029-06-13,Expired
1210,1540,Unknown,2024-06-25,2029-06-24,Expired
1516,2177,Unknown,2024-06-27,2029-06-26,Expired
1705,1985,Unknown,2024-07-13,2029-07-12,Blocked
1375,2382,Unknown,2024-07-14,2029-07-13,Blocked
1815,2475,Unknown,2024-07-27,2024-01-01,Blocked
102,2048,Unknown,2024-07-30,2029-07-29,Active
1414,2791,Unknown,2024-07-30,2029-07-29,Unknown
497,2824,Unknown,2024-01-01,2029-07-30,Expired
1588,2858,Unknown,2024-08-12,2029-08-11,Expired
1536,2931,Unknown,2024-08-12,2029-08-11,Blocked
873,2515,Unknown,2024-08-18,2029-08-17,Unknown
797,1111,Unknown,2024-08-25,2029-08-24,Expired
867,2832,Unknown,2024-08-31,2029-08-30,Expired
1877,2664,Unknown,2024-09-04,2029-09-03,Expired
1317,1006,Unknown,2024-09-13,2029-09-12,Active
1488,1154,Unknown,2024-09-16,2029-09-15,Blocked
1863,2100,Unknown,2024-09-20,2029-09-19,Active
1315,1553,Unknown,2024-09-21,2029-09-20,Active
1374,1655,Unknown,2024-09-26,2029-09-25,Expired
1659,2790,Unknown,2024-09-28,2029-09-27,Active
55,1099,Unknown,2024-09-30,2029-09-29,Expired
1988,1768,Unknown,2024-10-01,2029-09-30,Expired
1369,1963,Unknown,2024-10-08,2029-10-07,Active
1949,2473,Unknown,2024-10-13,2029-10-12,Active
1865,1828,Unknown,2024-10-17,2029-10-16,Expired
113,1783,Unknown,2024-10-27,2029-10-26,Unknown
654,2383,Unknown,2024-11-06,2024-01-01,Blocked
327,1148,Unknown,2024-11-07,2029-11-06,Active
696,1160,Unknown,2024-11-14,2029-11-13,Blocked
1171,1054,Unknown,2024-01-01,2029-11-14,Expired
1855,1067,Unknown,2024-12-06,2029-12-05,Blocked
1549,2272,Unknown,2024-12-09,2029-12-08,Active
1612,1689,Unknown,2024-12-22,2029-12-21,Expired
1586,1611,Unknown,2024-12-27,2029-12-26,Expired
1145,1145,Unknown,2024-12-28,2029-12-27,Expired
1764,2183,Unknown,2024-12-28,2029-12-27,Expired
1963,2520,Unknown,2024-12-29,2029-12-28,Active
349,2799,Unknown,2024-01-01,2029-12-28,Expired
1566,2290,Unknown,2025-01-01,2024-01-01,Active
71,1491,Unknown,2025-01-05,2030-01-04,Blocked
1921,1304,Unknown,2025-01-07,2024-01-01,Active
637,1552,Unknown,2025-01-13,2030-01-12,Expired
252,2393,Unknown,2025-02-07,2030-02-06,Active
329,1233,Unknown,2025-02-07,2030-02-06,Blocked
538,2637,Unknown,2024-01-01,2030-02-13,Expired
998,1979,Unknown,2024-01-01,2030-02-20,Expired
168,1426,Unknown,2025-02-21,2030-02-20,Blocked
1509,1209,Unknown,2025-02-23,2030-02-22,Active
1409,2909,Unknown,2025-02-24,2030-02-23,Active
1992,1227,Unknown,2025-02-25,2030-02-24,Active
1009,1783,Unknown,2025-03-12,2030-03-11,Active
1331,2952,Unknown,2025-03-24,2030-03-23,Expired
1614,1852,Unknown,2025-03-29,2030-03-28,Blocked
778,2041,Unknown,2025-04-05,2030-04-04,Expired
1486,2767,Unknown,2025-04-10,2030-04-09,Expired
117,2625,Unknown,2025-04-13,2030-04-12,Expired
1101,2138,Unknown,2025-04-14,2024-01-01,Active
1205,2973,Unknown,2025-04-15,2024-01-01,Active
1401,2439,Unknown,2025-04-23,2030-04-22,Active
788,1121,Unknown,2025-04-25,2030-04-24,Expired
1237,1914,Unknown,2025-05-09,2030-05-08,Expired
801,1088,Unknown,2025-05-12,2030-05-11,Blocked
1458,2121,Unknown,2024-01-01,2030-05-22,Active
302,2485,Unknown,2025-06-04,2030-06-03,Blocked
242,1685,Unknown,2025-06-13,2024-01-01,Blocked
990,1400,Unknown,2025-06-19,2030-06-18,Expired
745,2410,Unknown,2025-06-20,2024-01-01,Expired
186,1879,Unknown,2025-06-21,2030-06-20,Blocked
1874,2363,Unknown,2025-06-21,2030-06-20,Active
1910,2983,Unknown,2025-06-23,2030-06-22,Active
1427,2704,Unknown,2024-01-01,2030-06-22,Blocked
1994,1453,Unknown,2025-06-29,2030-06-28,Active
1164,1867,Unknown,2025-07-07,2030-07-06,Active
1576,2219,Unknown,2025-07-14,2030-07-13,Expired
158,2246,Unknown,2025-07-28,2030-07-27,Expired
810,1623,Unknown,2025-07-28,2030-07-27,Active
817,2558,Unknown,2025-07-30,2030-07-29,Unknown
1204,2608,Unknown,2025-08-04,2030-08-03,Expired
564,2822,Unknown,2025-08-06,2030-08-05,Expired
1658,2784,Unknown,2024-01-01,2030-08-19,Unknown
1636,1765,Unknown,2025-08-23,2030-08-22,Active
221,1010,Unknown,2025-08-24,2030-08-23,Expired
744,2088,Unknown,2025-08-24,2030-08-23,Active
311,1459,Unknown,2025-08-25,2030-08-24,Unknown
751,2705,Unknown,2025-08-26,2030-08-25,Unknown
32,1126,Unknown,2025-08-26,2030-08-25,Expired
1897,2430,Unknown,2025-08-27,2030-08-26,Active
1087,2859,Unknown,2025-08-28,2024-01-01,Active
838,1299,Unknown,2025-08-30,2030-08-29,Blocked
791,2725,Unknown,2025-09-07,2030-09-06,Active
610,2877,Unknown,2025-09-12,2030-09-11,Active
1442,2583,Unknown,2025-09-14,2030-09-13,Unknown
1324,1880,Unknown,2025-09-14,2030-09-13,Blocked
1886,2502,Unknown,2025-09-14,2024-01-01,Active
1838,2504,Unknown,2025-09-17,2030-09-16,Unknown
870,2765,Unknown,2025-09-30,2030-09-29,Blocked
755,2711,Unknown,2025-10-01,2030-09-30,Expired
487,2951,Unknown,2025-10-01,2030-09-30,Active
679,2209,Unknown,2025-10-03,2030-10-02,Blocked
1196,2455,Unknown,2025-10-04,2030-10-03,Unknown
240,1826,Unknown,2024-01-01,2024-01-01,Blocked
1222,1996,Unknown,2025-10-08,2030-10-07,Expired
1741,2997,Unknown,2024-01-01,2030-10-08,Blocked
942,1859,Unknown,2025-10-11,2030-10-10,Active
1596,1123,Unknown,2025-10-15,2030-10-14,Blocked
1176,2770,Unknown,2025-10-16,2030-10-15,Active
633,2347,Unknown,2025-10-19,2030-10-18,Blocked
1711,1731,Unknown,2025-10-20,2030-10-19,Expired
1515,2196,Unknown,2025-10-25,2030-10-24,Blocked
994,2051,Unknown,2025-10-29,2030-10-28,Blocked
710,1458,Unknown,2025-11-15,2030-11-14,Active
1654,1066,Unknown,2025-11-15,2030-11-14,Active
1548,2432,Unknown,2025-11-19,2030-11-18,Expired
970,2760,Unknown,2025-12-04,2030-12-03,Expired
1200,2868,Unknown,2025-12-10,2030-12-09,Active
176,1204,Unknown,2024-01-01,2030-12-09,Expired
1489,2273,Unknown,2025-12-22,2030-12-21,Expired
1233,1842,Unknown,2025-12-23,2030-12-22,Active
96,1539,Unknown,2025-12-28,2030-12-27,Blocked
1973,2072,Credit,2024-01-05,2029-01-03,Expired
1070,2689,Credit,2024-01-05,2029-01-03,Blocked
871,2815,Credit,2024-01-06,2029-01-04,Active
1300,2958,Credit,2024-01-07,2029-01-05,Expired
1563,1666,Credit,2024-01-08,2029-01-06,Blocked
1052,2377,Credit,2024-01-09,2029-01-07,Expired
34,1470,Credit,2024-01-10,2029-01-08,Blocked
1192,1959,Credit,2024-01-10,2029-01-08,Expired
1392,1303,Credit,2024-01-10,2029-01-08,Blocked
1858,2400,Credit,2024-01-10,2029-01-08,Active
1619,1657,Credit,2024-01-12,2029-01-10,Expired
337,1704,Credit,2024-01-14,2029-01-12,Unknown
1318,2676,Credit,2024-01-17,2029-01-15,Blocked
1208,2427,Credit,2024-01-17,2029-01-15,Unknown
1242,1459,Credit,2024-01-18,2029-01-16,Unknown
1660,1283,Credit,2024-01-20,2029-01-18,Expired
1118,2777,Credit,2024-01-01,2029-01-19,Expired
566,2524,Credit,2024-01-21,2029-01-19,Expired
1998,1193,Credit,2024-01-21,2029-01-19,Expired
1126,2012,Credit,2024-01-24,2029-01-22,Blocked
1802,2203,Credit,2024-01-25,2029-01-23,Blocked
614,2303,Credit,2024-01-26,2029-01-24,Active
1411,1420,Credit,2024-01-30,2029-01-28,Active
81,1991,Credit,2024-02-01,2029-01-30,Blocked
675,2386,Credit,2024-02-01,2029-01-30,Blocked
1847,2192,Credit,2024-02-01,2029-01-30,Blocked
1241,1961,Credit,2024-02-01,2029-01-30,Unknown
1010,2591,Credit,2024-02-08,2029-02-06,Blocked
759,2202,Credit,2024-02-10,2029-02-08,Blocked
1114,1505,Credit,2024-02-14,2024-01-01,Blocked
1453,1955,Credit,2024-02-15,2029-02-13,Expired
106,1316,Credit,2024-02-19,2029-02-17,Expired
720,2700,Credit,2024-02-19,2029-02-17,Active
1650,1945,Credit,2024-01-01,2029-02-18,Expired
271,1322,Credit,2024-02-20,2029-02-18,Expired
361,2187,Credit,2024-02-22,2029-02-20,Expired
1950,2791,Credit,2024-02-24,2024-01-01,Active
10,1820,Credit,2024-02-25,2024-01-01,Active
947,2391,Credit,2024-02-27,2029-02-25,Expired
1366,2612,Credit,2024-02-28,2029-02-26,Blocked
1946,1147,Credit,2024-02-28,2029-02-26,Expired
1977,1538,Credit,2024-02-28,2029-02-26,Active
89,1173,Credit,2024-01-01,2024-01-01,Expired
578,2387,Credit,2024-02-29,2029-02-27,Blocked
681,2498,Credit,2024-01-01,2029-03-01,Active
615,1977,Credit,2024-03-03,2029-03-02,Blocked
64,2392,Credit,2024-03-04,2029-03-03,Blocked
1993,2365,Credit,2024-03-10,2024-01-01,Blocked
1755,2443,Credit,2024-03-11,2024-01-01,Unknown
1329,2935,Credit,2024-03-12,2029-03-11,Expired
1016,2576,Credit,2024-03-13,2029-03-12,Blocked
51,2905,Credit,2024-03-14,2029-03-13,Active
296,2678,Credit,2024-03-14,2029-03-13,Unknown
1080,2371,Credit,2024-03-14,2029-03-13,Expired
1308,1394,Credit,2024-01-01,2024-01-01,Expired
69,2846,Credit,2024-03-15,2029-03-14,Active
1824,2505,Credit,2024-03-15,2029-03-14,Active
1719,1926,Credit,2024-03-16,2029-03-15,Expired
1076,1918,Credit,2024-03-16,2029-03-15,Active
1006,2660,Credit,2024-03-16,2029-03-15,Blocked
95,1196,Credit,2024-01-01,2029-03-16,Blocked
201,1937,Credit,2024-03-17,2029-03-16,Blocked
632,1440,Credit,2024-03-17,2029-03-16,Expired
1784,2731,Credit,2024-01-01,2029-03-17,Blocked
136,2937,Credit,2024-03-18,2029-03-17,Unknown
732,2313,Credit,2024-03-18,2029-03-17,Expired
1404,2103,Credit,2024-03-18,2024-01-01,Expired
1029,2878,Credit,2024-03-20,2029-03-19,Blocked
758,2416,Credit,2024-03-22,2029-03-21,Expired
526,2778,Credit,2024-03-23,2029-03-22,Expired
966,1419,Credit,2024-03-23,2029-03-22,Expired
1887,2429,Credit,2024-03-23,2024-01-01,Expired
1862,2512,Credit,2024-01-01,2029-03-22,Expired
1202,2356,Credit,2024-03-25,2029-03-24,Blocked
495,2797,Credit,2024-03-27,2029-03-26,Active
934,1128,Credit,2024-03-27,2029-03-26,Active
1623,2442,Credit,2024-03-28,2029-03-27,Active
645,2773,Credit,2024-01-01,2029-03-29,Active
1314,2330,Credit,2024-03-30,2029-03-29,Unknown
1367,2805,Credit,2024-03-31,2024-01-01,Active
1060,1042,Credit,2024-03-31,2029-03-30,Active
1376,2536,Credit,2024-01-01,2029-03-31,Blocked
822,2630,Credit,2024-04-02,2029-04-01,Blocked
691,1948,Credit,2024-04-03,2029-04-02,Expired
1278,2586,Credit,2024-04-07,2029-04-06,Active
876,2617,Credit,2024-04-07,2029-04-06,Expired
1779,1152,Credit,2024-04-08,2029-04-07,Expired
968,2670,Credit,2024-04-08,2029-04-07,Blocked
1553,2835,Credit,2024-04-09,2029-04-08,Active
1304,2090,Credit,2024-04-10,2029-04-09,Expired
1381,1232,Credit,2024-04-12,2029-04-11,Active
1786,2889,Credit,2024-04-13,2029-04-12,Active
1524,1748,Credit,2024-04-13,2029-04-12,Blocked
335,2418,Credit,2024-04-14,2029-04-13,Expired
1099,1132,Credit,2024-01-01,2029-04-13,Expired
1231,2618,Credit,2024-04-17,2029-04-16,Unknown
689,1321,Credit,2024-04-17,2029-04-16,Expired
565,2644,Credit,2024-04-17,2029-04-16,Blocked
150,1435,Credit,2024-04-18,2029-04-17,Expired
550,1699,Credit,2024-04-19,2029-04-18,Blocked
1032,2432,Credit,2024-04-20,2029-04-19,Unknown
1577,2967,Credit,2024-04-20,2029-04-19,Active
1956,1426,Credit,2024-04-21,2024-01-01,Active
1899,1417,Credit,2024-04-21,2029-04-20,Blocked
730,2410,Credit,2024-04-21,2029-04-20,Active
461,1422,Credit,2024-04-22,2029-04-21,Blocked
225,1927,Credit,2024-04-22,2029-04-21,Unknown
1207,2183,Credit,2024-01-01,2029-04-22,Expired
786,1590,Credit,2024-04-24,2029-04-23,Blocked
260,1695,Credit,2024-04-24,2029-04-23,Active
1031,1416,Credit,2024-04-24,2029-04-23,Blocked
1444,2750,Credit,2024-04-24,2029-04-23,Active
1371,1135,Credit,2024-04-25,2029-04-24,Unknown
1503,1901,Credit,2024-04-29,2029-04-28,Blocked
1238,2970,Credit,2024-05-01,2029-04-30,Active
992,1833,Credit,2024-05-02,2029-05-01,Active
1546,1405,Credit,2024-05-03,2029-05-02,Active
568,2879,Credit,2024-05-07,2029-05-06,Blocked
377,2176,Credit,2024-05-07,2029-05-06,Blocked
1247,2007,Credit,2024-05-08,2029-05-07,Unknown
90,1912,Credit,2024-05-09,2029-05-08,Expired
1518,1878,Credit,2024-05-13,2029-05-12,Blocked
1385,1096,Credit,2024-05-14,2029-05-13,Expired
1095,2099,Credit,2024-05-14,2029-05-13,Blocked
789,1894,Credit,2024-05-16,2029-05-15,Active
1302,2542,Credit,2024-05-18,2029-05-17,Active
360,1193,Credit,2024-05-19,2029-05-18,Unknown
626,1470,Credit,2024-05-19,2029-05-18,Active
80,2404,Credit,2024-05-20,2029-05-19,Active
389,1572,Credit,2024-05-20,2029-05-19,Blocked
220,2565,Credit,2024-05-22,2029-05-21,Expired
1475,2278,Credit,2024-05-23,2029-05-22,Expired
1362,2565,Credit,2024-05-24,2029-05-23,Active
1342,2984,Credit,2024-05-24,2029-05-23,Expired
781,1195,Credit,2024-01-01,2029-05-24,Blocked
229,2730,Credit,2024-05-25,2029-05-24,Expired
684,2966,Credit,2024-05-26,2024-01-01,Blocked
1798,2232,Credit,2024-05-28,2029-05-27,Active
370,2076,Credit,2024-05-28,2024-01-01,Active
1539,2900,Credit,2024-05-29,2029-05-28,Expired
1240,1725,Credit,2024-05-31,2029-05-30,Active
765,2906,Credit,2024-06-01,2029-05-31,Expired
1927,2286,Credit,2024-06-01,2029-05-31,Active
479,1896,Credit,2024-06-02,2029-06-01,Active
635,2624,Credit,2024-06-03,2029-06-02,Active
317,1684,Credit,2024-06-03,2029-06-02,Expired
1139,2021,Credit,2024-06-04,2029-06-03,Active
1131,2040,Credit,2024-06-06,2029-06-05,Active
1842,2412,Credit,2024-06-07,2029-06-06,Active
183,1700,Credit,2024-06-10,2029-06-09,Active
1062,2793,Credit,2024-06-12,2029-06-11,Expired
172,2122,Credit,2024-06-13,2029-06-12,Blocked
427,1578,Credit,2024-06-14,2029-06-13,Expired
147,1994,Credit,2024-06-14,2029-06-13,Expired
9,2862,Credit,2024-06-15,2029-06-14,Active
865,2649,Credit,2024-06-15,2024-01-01,Unknown
135,1004,Credit,2024-06-15,2029-06-14,Expired
1294,1991,Credit,2024-06-16,2024-01-01,Blocked
1124,2051,Credit,2024-06-16,2029-06-15,Expired
343,2631,Credit,2024-06-16,2029-06-15,Expired
623,1873,Credit,2024-01-01,2029-06-18,Blocked
1645,2505,Credit,2024-06-20,2029-06-19,Blocked
1846,1957,Credit,2024-06-22,2024-01-01,Blocked
559,1085,Credit,2024-06-22,2029-06-21,Unknown
1017,1279,Credit,2024-06-23,2029-06-22,Active
378,2948,Credit,2024-06-24,2029-06-23,Blocked
1559,1390,Credit,2024-06-25,2029-06-24,Active
1491,1136,Credit,2024-06-25,2029-06-24,Expired
571,2503,Credit,2024-01-01,2029-06-25,Active
192,1012,Credit,2024-06-29,2029-06-28,Blocked
863,1757,Credit,2024-06-30,2029-06-29,Blocked
189,1724,Credit,2024-07-01,2029-06-30,Expired
717,1663,Credit,2024-07-01,2029-06-30,Unknown
1953,2065,Credit,2024-07-01,2029-06-30,Expired
1170,1109,Credit,2024-07-02,2029-07-01,Expired
1154,2689,Credit,2024-07-04,2029-07-03,Active
165,2623,Credit,2024-07-04,2029-07-03,Expired
1042,1117,Credit,2024-07-05,2029-07-04,Expired
1467,2459,Credit,2024-07-06,2029-07-05,Unknown
241,2914,Credit,2024-07-07,2029-07-06,Blocked
1499,1686,Credit,2024-07-07,2029-07-06,Active
1187,2287,Credit,2024-07-08,2029-07-07,Blocked
1092,1023,Credit,2024-07-09,2029-07-08,Expired
1074,1606,Credit,2024-07-09,2029-07-08,Expired
708,1861,Credit,2024-07-11,2029-07-10,Expired
1744,1927,Credit,2024-07-11,2029-07-10,Active
305,1293,Credit,2024-07-11,2024-01-01,Active
771,1515,Credit,2024-07-14,2029-07-13,Active
1893,1778,Credit,2024-07-14,2029-07-13,Active
1679,2080,Credit,2024-07-14,2029-07-13,Expired
1777,2125,Credit,2024-07-14,2029-07-13,Blocked
631,2191,Credit,2024-07-15,2029-07-14,Expired
622,1813,Credit,2024-07-18,2024-01-01,Blocked
492,1113,Credit,2024-07-19,2029-07-18,Expired
1848,2408,Credit,2024-07-19,2029-07-18,Active
111,2654,Credit,2024-07-19,2029-07-18,Active
719,2088,Credit,2024-07-20,2024-01-01,Expired
1109,2562,Credit,2024-07-20,2029-07-19,Expired
1570,2666,Credit,2024-07-21,2029-07-20,Expired
536,2883,Credit,2024-07-22,2029-07-21,Active
1217,1332,Credit,2024-07-22,2029-07-21,Blocked
784,1589,Credit,2024-01-01,2029-07-21,Expired
1284,1383,Credit,2024-07-23,2029-07-22,Unknown
893,2416,Credit,2024-01-01,2029-07-23,Expired
1428,1739,Credit,2024-07-26,2029-07-25,Active
1714,1803,Credit,2024-07-26,2029-07-25,Active
1243,1538,Credit,2024-07-28,2029-07-27,Blocked
448,1125,Credit,2024-07-30,2029-07-29,Active
67,1402,Credit,2024-07-31,2029-07-30,Blocked
1370,2980,Credit,2024-08-04,2029-08-03,Unknown
1059,1292,Credit,2024-08-05,2029-08-04,Expired
483,1533,Credit,2024-08-06,2029-08-05,Blocked
341,2534,Credit,2024-08-07,2029-08-06,Expired
1967,1729,Credit,2024-08-08,2029-08-07,Blocked
501,2043,Credit,2024-08-10,2029-08-09,Blocked
17,2549,Credit,2024-08-10,2029-08-09,Blocked
191,2860,Credit,2024-08-11,2029-08-10,Blocked
1261,2010,Credit,2024-08-13,2029-08-12,Blocked
1307,2322,Credit,2024-08-13,2029-08-12,Expired
1316,2879,Credit,2024-08-13,2029-08-12,Blocked
211,1341,Credit,2024-01-01,2029-08-12,Unknown
1253,2569,Credit,2024-01-01,2029-08-13,Active
1495,2685,Credit,2024-08-14,2029-08-13,Active
1156,1365,Credit,2024-08-14,2024-01-01,Blocked
912,1393,Credit,2024-08-15,2029-08-14,Unknown
235,2589,Credit,2024-08-16,2029-08-15,Blocked
808,2278,Credit,2024-08-17,2029-08-16,Active
1724,2959,Credit,2024-08-17,2029-08-16,Unknown
1160,2080,Credit,2024-08-18,2029-08-17,Blocked
1852,1773,Credit,2024-08-18,2029-08-17,Unknown
1751,2571,Credit,2024-08-19,2029-08-18,Blocked
1634,2825,Credit,2024-08-19,2029-08-18,Active
456,2991,Credit,2024-01-01,2029-08-18,Blocked
586,2272,Credit,2024-08-20,2029-08-19,Expired
836,1786,Credit,2024-08-21,2024-01-01,Active
592,2775,Credit,2024-08-21,2029-08-20,Blocked
612,2980,Credit,2024-08-22,2029-08-21,Active
1047,2683,Credit,2024-08-22,2029-08-21,Expired
1669,1090,Credit,2024-01-01,2029-08-22,Active
1982,2121,Credit,2024-08-25,2024-01-01,Expired
1780,1815,Credit,2024-08-28,2029-08-27,Active
1346,2699,Credit,2024-08-30,2029-08-29,Expired
749,1010,Credit,2024-08-31,2029-08-30,Blocked
1022,2390,Credit,2024-09-01,2029-08-31,Active
1813,1318,Credit,2024-09-02,2029-09-01,Blocked
1762,1574,Credit,2024-01-01,2029-09-04,Active
1834,1300,Credit,2024-09-05,2029-09-04,Expired
1873,2948,Credit,2024-09-07,2029-09-06,Blocked
1819,2478,Credit,2024-09-10,2029-09-09,Active
725,1026,Credit,2024-09-10,2029-09-09,Expired
85,2314,Credit,2024-09-10,2029-09-09,Blocked
1698,1489,Credit,2024-09-10,2029-09-09,Blocked
74,2271,Credit,2024-09-11,2029-09-10,Blocked
441,2859,Credit,2024-09-11,2029-09-10,Blocked
1309,1816,Credit,2024-09-11,2029-09-10,Blocked
1794,2613,Credit,2024-09-11,2029-09-10,Blocked
1353,1806,Credit,2024-09-12,2029-09-11,Unknown
338,2047,Credit,2024-01-01,2029-09-11,Expired
690,2632,Credit,2024-09-13,2024-01-01,Expired
1583,2615,Credit,2024-09-15,2029-09-14,Expired
266,1743,Credit,2024-09-16,2029-09-15,Active
1336,2354,Credit,2024-09-17,2029-09-16,Blocked
1883,1006,Credit,2024-09-18,2029-09-17,Expired
379,2445,Credit,2024-09-18,2029-09-17,Unknown
1398,1187,Credit,2024-01-01,2029-09-20,Unknown
1699,2765,Credit,2024-01-01,2029-09-20,Expired
1106,1246,Credit,2024-09-22,2029-09-21,Expired
884,1290,Credit,2024-09-23,2029-09-22,Expired
1909,2924,Credit,2024-09-24,2029-09-23,Unknown
268,2124,Credit,2024-09-25,2029-09-24,Unknown
529,2459,Credit,2024-01-01,2029-09-25,Expired
1851,1351,Credit,2024-09-29,2029-09-28,Blocked
1327,1598,Credit,2024-09-30,2029-09-29,Active
930,1278,Credit,2024-10-01,2029-09-30,Expired
860,1065,Credit,2024-10-02,2029-10-01,Blocked
366,1585,Credit,2024-10-02,2029-10-01,Active
1195,2424,Credit,2024-10-02,2029-10-01,Active
676,1608,Credit,2024-10-04,2029-10-03,Blocked
1615,1287,Credit,2024-10-06,2029-10-05,Blocked
83,1453,Credit,2024-10-06,2029-10-05,Active
1030,1142,Credit,2024-10-06,2029-10-05,Expired
194,1854,Credit,2024-10-10,2024-01-01,Active
166,1730,Credit,2024-10-12,2029-10-11,Expired
1708,1640,Credit,2024-10-12,2029-10-11,Active
692,2482,Credit,2024-10-12,2024-01-01,Active
28,1348,Credit,2024-10-13,2029-10-12,Unknown
1321,1246,Credit,2024-01-01,2029-10-12,Blocked
350,2309,Credit,2024-10-14,2029-10-13,Blocked
1603,2902,Credit,2024-10-14,2029-10-13,Blocked
47,1229,Credit,2024-10-14,2029-10-13,Active
621,2304,Credit,2024-10-14,2029-10-13,Blocked
608,2952,Credit,2024-10-15,2029-10-14,Expired
1980,2959,Credit,2024-10-15,2029-10-14,Expired
849,1390,Credit,2024-10-16,2029-10-15,Expired
151,1279,Credit,2024-10-17,2029-10-16,Expired
1914,1279,Credit,2024-10-18,2029-10-17,Active
232,2022,Credit,2024-10-18,2029-10-17,Blocked
1510,1436,Credit,2024-10-18,2029-10-17,Blocked
372,1751,Credit,2024-10-19,2029-10-18,Expired
2000,2516,Credit,2024-01-01,2029-10-19,Expired
1079,2223,Credit,2024-10-21,2029-10-20,Active
72,1672,Credit,2024-10-23,2029-10-22,Expired
741,2223,Credit,2024-10-23,2029-10-22,Active
355,1774,Credit,2024-10-24,2029-10-23,Expired
1695,1695,Credit,2024-10-25,2024-01-01,Active
677,1122,Credit,2024-01-01,2029-10-26,Expired
13,2721,Credit,2024-10-27,2029-10-26,Blocked
133,1695,Credit,2024-10-27,2029-10-26,Expired
1513,1319,Credit,2024-10-27,2029-10-26,Blocked
1653,1524,Credit,2024-10-28,2029-10-27,Expired
743,1189,Credit,2024-10-28,2029-10-27,Active
1944,1292,Credit,2024-10-31,2029-10-30,Blocked
310,1997,Credit,2024-10-31,2029-10-30,Active
1391,2574,Credit,2024-11-01,2029-10-31,Expired
1251,1475,Credit,2024-11-01,2029-10-31,Expired
662,2024,Credit,2024-11-02,2029-11-01,Expired
1230,2379,Credit,2024-01-01,2029-11-02,Expired
1567,1850,Credit,2024-11-03,2029-11-02,Active
452,1582,Credit,2024-11-04,2029-11-03,Active
753,2117,Credit,2024-11-06,2029-11-05,Active
324,2210,Credit,2024-11-08,2029-11-07,Active
669,1592,Credit,2024-11-09,2029-11-08,Blocked
1807,2082,Credit,2024-11-09,2029-11-08,Expired
1991,2121,Credit,2024-11-09,2029-11-08,Blocked
702,1323,Credit,2024-11-10,2029-11-09,Expired
1132,2688,Credit,2024-11-12,2029-11-11,Expired
1320,2223,Credit,2024-11-16,2029-11-15,Blocked
1277,1850,Credit,2024-11-16,2029-11-15,Blocked
697,2304,Credit,2024-11-17,2029-11-16,Active
885,2178,Credit,2024-11-18,2029-11-17,Blocked
352,1890,Credit,2024-01-01,2029-11-18,Active
301,2888,Credit,2024-11-20,2029-11-19,Active
1850,1638,Credit,2024-11-20,2029-11-19,Active
1579,1934,Credit,2024-11-21,2029-11-20,Expired
1843,2892,Credit,2024-11-22,2029-11-21,Active
1399,2248,Credit,2024-11-23,2029-11-22,Expired
757,1500,Credit,2024-11-26,2029-11-25,Active
1706,1976,Credit,2024-11-27,2029-11-26,Expired
1869,2232,Credit,2024-11-27,2029-11-26,Active
594,1848,Credit,2024-11-28,2029-11-27,Blocked
453,1009,Credit,2024-11-29,2024-01-01,Blocked
603,2769,Credit,2024-01-01,2029-12-02,Active
1214,1197,Credit,2024-12-03,2029-12-02,Blocked
995,2706,Credit,2024-12-03,2029-12-02,Expired
703,1351,Credit,2024-12-04,2029-12-03,Blocked
1934,1573,Credit,2024-12-05,2029-12-04,Expired
1805,1790,Credit,2024-01-01,2029-12-05,Expired
412,2475,Credit,2024-12-06,2029-12-05,Blocked
1604,1514,Credit,2024-01-01,2029-12-06,Expired
927,2076,Credit,2024-01-01,2029-12-07,Blocked
384,1733,Credit,2024-12-08,2029-12-07,Unknown
284,1284,Credit,2024-01-01,2029-12-08,Active
114,2442,Credit,2024-12-09,2029-12-08,Expired
1078,1807,Credit,2024-12-09,2029-12-08,Blocked
636,2288,Credit,2024-12-13,2029-12-12,Expired
110,1325,Credit,2024-12-15,2029-12-14,Active
254,2988,Credit,2024-12-16,2029-12-15,Blocked
223,1851,Credit,2024-12-17,2029-12-16,Expired
851,1264,Credit,2024-12-18,2029-12-17,Blocked
1557,1909,Credit,2024-12-20,2029-12-19,Expired
401,1546,Credit,2024-12-21,2029-12-20,Active
1443,1729,Credit,2024-12-22,2029-12-21,Expired
959,2707,Credit,2024-12-22,2029-12-21,Expired
1681,2834,Credit,2024-12-23,2029-12-22,Expired
1849,1679,Credit,2024-12-25,2029-12-24,Active
1357,2787,Credit,2024-12-25,2029-12-24,Expired
1015,2553,Credit,2024-12-26,2024-01-01,Expired
1437,2993,Credit,2024-12-26,2029-12-25,Active
1086,2104,Credit,2024-12-27,2024-01-01,Expired
634,1500,Credit,2024-12-28,2029-12-27,Expired
1767,2149,Credit,2024-12-29,2029-12-28,Expired
263,2269,Credit,2024-12-29,2029-12-28,Expired
1479,1205,Credit,2025-01-01,2029-12-31,Active
1745,2491,Credit,2025-01-05,2024-01-01,Expired
1011,2964,Credit,2025-01-07,2030-01-06,Active
363,2099,Credit,2025-01-07,2030-01-06,Active
1717,1210,Credit,2025-01-08,2030-01-07,Blocked
1920,2509,Credit,2025-01-10,2030-01-09,Blocked
364,2614,Credit,2025-01-10,2030-01-09,Blocked
1116,1040,Credit,2025-01-12,2030-01-11,Expired
848,2923,Credit,2025-01-12,2030-01-11,Active
826,1035,Credit,2025-01-16,2030-01-15,Active
1816,2289,Credit,2025-01-17,2030-01-16,Blocked
738,2865,Credit,2025-01-18,2030-01-17,Expired
1225,2192,Credit,2025-01-18,2030-01-17,Blocked
44,2948,Credit,2025-01-19,2030-01-18,Active
519,1394,Credit,2025-01-21,2030-01-20,Blocked
12,2587,Credit,2025-01-23,2030-01-22,Expired
609,2083,Credit,2025-01-25,2030-01-24,Expired
1879,2585,Credit,2025-01-25,2030-01-24,Active
1361,2086,Credit,2025-01-26,2030-01-25,Blocked
644,2342,Credit,2025-01-26,2030-01-25,Active
1447,1639,Credit,2025-01-27,2030-01-26,Blocked
297,2976,Credit,2025-01-27,2024-01-01,Expired
881,2039,Credit,2025-01-28,2030-01-27,Unknown
1498,1595,Credit,2025-01-29,2030-01-28,Blocked
121,1720,Credit,2025-01-30,2030-01-29,Active
572,1190,Credit,2025-01-30,2030-01-29,Expired
122,1454,Credit,2025-02-01,2030-01-31,Active
238,1411,Credit,2025-02-01,2030-01-31,Blocked
1470,2207,Credit,2025-02-02,2030-02-01,Blocked
1756,1698,Credit,2025-02-05,2024-01-01,Expired
1555,2996,Credit,2025-02-06,2024-01-01,Unknown
1997,1455,Credit,2025-02-07,2030-02-06,Blocked
1870,2720,Credit,2025-02-07,2030-02-06,Active
1219,1587,Credit,2025-02-09,2030-02-08,Blocked
1298,2972,Credit,2025-02-09,2024-01-01,Blocked
1351,1898,Credit,2025-02-10,2030-02-09,Blocked
1144,1784,Credit,2025-02-10,2024-01-01,Blocked
1434,1733,Credit,2025-02-11,2030-02-10,Blocked
1069,1872,Credit,2025-02-12,2030-02-11,Blocked
1821,2511,Credit,2025-02-12,2030-02-11,Expired
726,2220,Credit,2025-02-13,2030-02-12,Active
1716,2373,Credit,2024-01-01,2030-02-13,Unknown
120,2633,Credit,2025-02-15,2030-02-14,Active
601,1203,Credit,2025-02-17,2030-02-16,Active
251,1331,Credit,2025-02-17,2030-02-16,Unknown
807,2274,Credit,2024-01-01,2030-02-17,Active
236,1083,Credit,2025-02-18,2030-02-17,Blocked
68,1040,Credit,2025-02-18,2030-02-17,Expired
1525,2656,Credit,2025-02-19,2024-01-01,Blocked
1408,1517,Credit,2025-02-20,2030-02-19,Blocked
1758,2472,Credit,2024-01-01,2030-02-23,Expired
1941,3000,Credit,2025-02-25,2030-02-24,Active
1709,1627,Credit,2025-02-26,2030-02-25,Active
1964,2706,Credit,2025-02-26,2030-02-25,Active
857,1094,Credit,2025-02-27,2030-02-26,Expired
705,2798,Credit,2025-02-28,2030-02-27,Expired
1521,1574,Credit,2025-03-01,2024-01-01,Blocked
1550,2270,Credit,2025-03-01,2030-02-28,Expired
1466,1921,Credit,2025-03-02,2030-03-01,Expired
1868,1908,Credit,2025-03-03,2030-03-02,Blocked
1262,1480,Credit,2025-03-04,2030-03-03,Expired
598,2612,Credit,2025-03-04,2030-03-03,Active
134,2963,Credit,2025-03-06,2030-03-05,Expired
888,1643,Credit,2025-03-07,2030-03-06,Active
1512,1008,Credit,2025-03-07,2024-01-01,Expired
1149,2641,Credit,2025-03-07,2030-03-06,Unknown
499,1443,Credit,2025-03-08,2030-03-07,Active
1064,1327,Credit,2025-03-09,2030-03-08,Expired
293,1719,Credit,2025-03-09,2030-03-08,Expired
837,1130,Credit,2025-03-09,2030-03-08,Active
1040,1397,Credit,2025-03-10,2030-03-09,Active
403,2921,Credit,2025-03-10,2030-03-09,Expired
1986,1808,Credit,2025-03-13,2030-03-12,Blocked
1743,2056,Credit,2024-01-01,2030-03-13,Blocked
1775,2648,Credit,2025-03-15,2030-03-14,Active
1694,1788,Credit,2025-03-15,2030-03-14,Active
365,2114,Credit,2025-03-16,2030-03-15,Blocked
1221,2356,Credit,2025-03-16,2030-03-15,Expired
98,2350,Credit,2025-03-18,2030-03-17,Expired
420,2761,Credit,2025-03-19,2024-01-01,Active
856,2308,Credit,2025-03-19,2030-03-18,Expired
1610,2862,Credit,2024-01-01,2030-03-19,Blocked
354,1956,Credit,2025-03-20,2030-03-19,Active
39,2442,Credit,2025-03-21,2030-03-20,Expired
517,1410,Credit,2025-03-21,2030-03-20,Blocked
1523,2040,Credit,2025-03-23,2030-03-22,Active
1631,2080,Credit,2025-03-24,2030-03-23,Blocked
814,1507,Credit,2024-01-01,2030-03-24,Expired
854,1073,Credit,2025-03-26,2030-03-25,Blocked
424,2157,Credit,2025-03-27,2030-03-26,Blocked
1461,2903,Credit,2025-03-27,2030-03-26,Blocked
1880,2143,Credit,2025-03-28,2030-03-27,Active
16,2164,Credit,2025-03-28,2030-03-27,Active
230,1751,Credit,2025-03-29,2030-03-28,Expired
466,1109,Credit,2025-03-29,2030-03-28,Blocked
1368,1667,Credit,2024-01-01,2030-03-29,Blocked
1558,2764,Credit,2025-03-30,2024-01-01,Active
291,2607,Credit,2025-03-30,2030-03-29,Blocked
6,1258,Credit,2025-03-31,2030-03-30,Active
926,1182,Credit,2025-04-01,2030-03-31,Expired
535,1032,Credit,2025-04-02,2030-04-01,Active
981,1208,Credit,2025-04-07,2030-04-06,Active
1895,2302,Credit,2025-04-07,2024-01-01,Expired
362,2730,Credit,2025-04-07,2030-04-06,Blocked
439,2370,Credit,2025-04-08,2030-04-07,Unknown
1148,1468,Credit,2025-04-08,2030-04-07,Active
1782,1337,Credit,2025-04-09,2030-04-08,Unknown
1955,2086,Credit,2025-04-10,2030-04-09,Expired
803,1941,Credit,2025-04-11,2030-04-10,Blocked
1922,2271,Credit,2025-04-11,2030-04-10,Active
1913,2257,Credit,2025-04-11,2030-04-10,Expired
1445,1393,Credit,2025-04-12,2030-04-11,Blocked
1678,1231,Credit,2025-04-14,2030-04-13,Active
780,1289,Credit,2025-04-14,2030-04-13,Expired
687,2316,Credit,2025-04-14,2030-04-13,Active
446,2121,Credit,2025-04-19,2030-04-18,Active
643,2423,Credit,2025-04-21,2030-04-20,Expired
987,2839,Credit,2025-04-22,2030-04-21,Active
585,1053,Credit,2025-04-23,2030-04-22,Blocked
1337,2120,Credit,2025-04-26,2030-04-25,Active
1419,2774,Credit,2025-04-27,2030-04-26,Expired
896,1860,Credit,2025-04-27,2030-04-26,Expired
1731,2942,Credit,2025-04-27,2030-04-26,Blocked
494,2379,Credit,2025-04-27,2030-04-26,Active
520,1691,Credit,2025-04-28,2030-04-27,Blocked
1150,1082,Credit,2025-04-30,2030-04-29,Blocked
792,2921,Credit,2025-05-01,2030-04-30,Expired
793,2827,Credit,2025-05-01,2030-04-30,Expired
428,1004,Credit,2025-05-02,2030-05-01,Blocked
1090,1139,Credit,2025-05-02,2030-05-01,Unknown
1747,2265,Credit,2025-05-02,2030-05-01,Blocked
985,1897,Credit,2025-05-03,2030-05-02,Active
152,1909,Credit,2025-05-04,2030-05-03,Blocked
1629,2608,Credit,2025-05-06,2030-05-05,Active
686,2149,Credit,2025-05-08,2030-05-07,Active
1496,2258,Credit,2025-05-08,2030-05-07,Expired
115,2920,Credit,2025-05-09,2024-01-01,Unknown
178,2933,Credit,2025-05-11,2030-05-10,Blocked
381,1296,Credit,2024-01-01,2030-05-10,Expired
353,1334,Credit,2025-05-12,2030-05-11,Blocked
73,2828,Credit,2025-05-14,2030-05-13,Expired
313,2064,Credit,2025-05-15,2030-05-14,Blocked
99,1543,Credit,2025-05-15,2030-05-14,Blocked
462,2836,Credit,2025-05-15,2030-05-14,Unknown
900,2615,Credit,2025-05-17,2030-05-16,Active
3,1813,Credit,2024-01-01,2030-05-16,Expired
87,2245,Credit,2025-05-18,2030-05-17,Expired
398,1271,Credit,2025-05-21,2030-05-20,Unknown
961,1414,Credit,2025-05-22,2030-05-21,Unknown
320,1613,Credit,2025-05-23,2030-05-22,Expired
1648,1637,Credit,2025-05-23,2030-05-22,Expired
1483,1783,Credit,2024-01-01,2030-05-26,Blocked
1584,1803,Credit,2025-05-27,2030-05-26,Active
1827,2075,Credit,2025-05-29,2030-05-28,Blocked
607,1952,Credit,2025-05-30,2024-01-01,Active
1795,1260,Credit,2025-05-30,2024-01-01,Expired
646,2533,Credit,2025-06-01,2024-01-01,Unknown
672,1610,Credit,2025-06-03,2030-06-02,Blocked
1624,1921,Credit,2025-06-04,2030-06-03,Blocked
1026,1428,Credit,2025-06-04,2030-06-03,Active
339,2816,Credit,2025-06-04,2030-06-03,Active
1573,2766,Credit,2025-06-05,2030-06-04,Expired
1232,1350,Credit,2025-06-06,2030-06-05,Unknown
1455,1294,Credit,2025-06-07,2030-06-06,Blocked
436,1840,Credit,2025-06-09,2030-06-08,Expired
1338,2501,Credit,2025-06-09,2030-06-08,Active
715,1059,Credit,2025-06-10,2030-06-09,Unknown
950,2718,Credit,2025-06-10,2030-06-09,Expired
38,2756,Credit,2025-06-12,2030-06-11,Active
1500,2425,Credit,2025-06-13,2024-01-01,Expired
270,1896,Credit,2025-06-13,2030-06-12,Active
883,1071,Credit,2024-01-01,2030-06-13,Expired
1665,1200,Credit,2025-06-16,2030-06-15,Expired
274,1845,Credit,2025-06-17,2030-06-16,Blocked
1737,2795,Credit,2025-06-18,2030-06-17,Expired
890,2387,Credit,2025-06-20,2030-06-19,Expired
1412,2631,Credit,2025-06-22,2030-06-21,Blocked
522,2864,Credit,2025-06-28,2030-06-27,Active
993,1815,Credit,2025-06-28,2030-06-27,Blocked
1151,2876,Credit,2025-06-30,2030-06-29,Expired
1912,1267,Credit,2025-07-01,2030-06-30,Active
1511,1622,Credit,2025-07-01,2030-06-30,Active
874,2499,Credit,2025-07-02,2030-07-01,Blocked
1774,1248,Credit,2025-07-02,2030-07-01,Expired
948,2565,Credit,2025-07-02,2030-07-01,Blocked
57,2615,Credit,2025-07-02,2030-07-01,Expired
904,2329,Credit,2025-07-05,2030-07-04,Active
600,2253,Credit,2025-07-05,2030-07-04,Blocked
1878,2282,Credit,2025-07-06,2030-07-05,Expired
556,2480,Credit,2025-07-06,2030-07-05,Active
119,1289,Credit,2025-07-07,2030-07-06,Blocked
1477,2059,Credit,2025-07-07,2030-07-06,Active
1527,2954,Credit,2025-07-09,2030-07-08,Expired
1457,2621,Credit,2025-07-10,2030-07-09,Unknown
132,1720,Credit,2025-07-11,2030-07-10,Active
1027,1563,Credit,2025-07-11,2030-07-10,Active
859,1794,Credit,2025-07-16,2030-07-15,Unknown
1799,2478,Credit,2025-07-16,2030-07-15,Expired
1860,1258,Credit,2025-07-16,2030-07-15,Blocked
563,2862,Credit,2025-07-17,2030-07-16,Blocked
1051,1635,Credit,2025-07-18,2030-07-17,Unknown
1791,1657,Credit,2025-07-19,2030-07-18,Active
701,1788,Credit,2025-07-20,2030-07-19,Blocked
554,1834,Credit,2025-07-22,2030-07-21,Expired
648,1605,Credit,2025-07-23,2030-07-22,Active
319,1736,Credit,2025-07-24,2030-07-23,Active
671,2125,Credit,2025-07-24,2030-07-23,Blocked
1592,1578,Credit,2025-07-26,2030-07-25,Unknown
1334,1220,Credit,2025-07-26,2030-07-25,Active
391,1579,Credit,2025-07-28,2030-07-27,Active
1169,1601,Credit,2025-07-28,2030-07-27,Blocked
915,2056,Credit,2025-07-28,2030-07-27,Active
806,2934,Credit,2025-07-29,2030-07-28,Active
1529,1391,Credit,2025-07-29,2030-07-28,Expired
65,2168,Credit,2025-07-31,2030-07-30,Active
1133,1653,Credit,2024-01-01,2030-08-03,Blocked
1356,2780,Credit,2025-08-04,2030-08-03,Active
1836,2487,Credit,2025-08-07,2030-08-06,Active
1734,2709,Credit,2025-08-12,2030-08-11,Blocked
1817,2616,Credit,2025-08-12,2030-08-11,Blocked
265,2647,Credit,2025-08-13,2030-08-12,Active
200,1770,Credit,2025-08-14,2030-08-13,Blocked
1323,2493,Credit,2025-08-14,2024-01-01,Blocked
819,1341,Credit,2025-08-15,2030-08-14,Expired
1881,2009,Credit,2025-08-17,2030-08-16,Expired
1227,1491,Credit,2025-08-18,2030-08-17,Active
498,1829,Credit,2025-08-19,2030-08-18,Expired
1837,2082,Credit,2025-08-19,2030-08-18,Expired
1250,2176,Credit,2025-08-19,2030-08-18,Expired
770,2998,Credit,2025-08-20,2030-08-19,Expired
531,2606,Credit,2025-08-21,2030-08-20,Expired
1326,1248,Credit,2025-08-22,2030-08-21,Expired
1507,2792,Credit,2025-08-24,2030-08-23,Blocked
1073,2607,Credit,2025-08-24,2024-01-01,Active
956,1594,Credit,2024-01-01,2030-08-26,Expired
1884,1934,Credit,2025-08-27,2030-08-26,Blocked
1492,2375,Credit,2025-08-27,2030-08-26,Expired
1303,2784,Credit,2025-09-01,2030-08-31,Active
1246,2855,Credit,2025-09-01,2030-08-31,Blocked
1639,2850,Credit,2025-09-04,2030-09-03,Blocked
78,1755,Credit,2025-09-06,2030-09-05,Blocked
1730,1891,Credit,2025-09-08,2030-09-07,Active
1522,2531,Credit,2025-09-10,2024-01-01,Active
714,1277,Credit,2025-09-11,2030-09-10,Blocked
872,2589,Credit,2025-09-11,2030-09-10,Blocked
1829,2314,Credit,2025-09-11,2030-09-10,Blocked
685,2968,Credit,2025-09-12,2030-09-11,Expired
1354,1214,Credit,2025-09-15,2030-09-14,Active
1812,1190,Credit,2025-09-15,2030-09-14,Blocked
256,2650,Credit,2025-09-15,2030-09-14,Expired
656,2648,Credit,2024-01-01,2030-09-15,Active
1925,2079,Credit,2024-01-01,2030-09-16,Expired
820,1765,Credit,2025-09-18,2030-09-17,Expired
321,2001,Credit,2025-09-20,2030-09-19,Expired
617,2484,Credit,2025-09-22,2030-09-21,Active
1159,2835,Credit,2025-09-22,2030-09-21,Active
1975,2534,Credit,2025-09-24,2030-09-23,Unknown
457,1762,Credit,2025-09-25,2030-09-24,Expired
1663,2290,Credit,2025-09-26,2030-09-25,Unknown
1166,2237,Credit,2025-09-28,2030-09-27,Blocked
1223,2097,Credit,2025-09-29,2030-09-28,Expired
1143,2079,Credit,2025-09-30,2030-09-29,Expired
1856,1860,Credit,2025-10-01,2030-09-30,Unknown
7,2867,Credit,2025-10-01,2030-09-30,Expired
1783,1061,Credit,2024-01-01,2030-09-30,Expired
1866,1141,Credit,2025-10-01,2030-09-30,Expired
760,1421,Credit,2025-10-01,2030-09-30,Expired
218,2760,Credit,2025-10-02,2030-10-01,Active
1054,1050,Credit,2025-10-03,2030-10-02,Blocked
673,2894,Credit,2025-10-04,2030-10-03,Active
688,2634,Credit,2025-10-04,2030-10-03,Expired
818,2409,Credit,2025-10-04,2030-10-03,Active
1704,1797,Credit,2025-10-06,2030-10-05,Blocked
1155,1348,Credit,2025-10-06,2030-10-05,Active
434,1675,Credit,2025-10-09,2030-10-08,Unknown
1820,1848,Credit,2025-10-09,2030-10-08,Active
1430,1485,Credit,2025-10-10,2030-10-09,Blocked
1265,1318,Credit,2025-10-11,2030-10-10,Blocked
109,1849,Credit,2025-10-12,2030-10-11,Expired
1283,1053,Credit,2025-10-13,2030-10-12,Active
1754,2393,Credit,2025-10-13,2030-10-12,Expired
641,2460,Credit,2025-10-14,2030-10-13,Active
1406,2346,Credit,2025-10-14,2030-10-13,Active
816,2680,Credit,2025-10-16,2030-10-15,Blocked
618,2264,Credit,2025-10-17,2030-10-16,Expired
422,2662,Credit,2025-10-17,2030-10-16,Expired
1822,1662,Credit,2025-10-17,2030-10-16,Expired
1213,2904,Credit,2025-10-19,2030-10-18,Active
1861,1719,Credit,2025-10-20,2030-10-19,Unknown
709,1247,Credit,2025-10-21,2030-10-20,Expired
1552,2974,Credit,2025-10-22,2030-10-21,Expired
1311,1789,Credit,2025-10-23,2030-10-22,Blocked
203,2723,Credit,2025-10-23,2030-10-22,Expired
455,2645,Credit,2025-10-25,2030-10-24,Active
473,1401,Credit,2025-10-27,2030-10-26,Blocked
196,1788,Credit,2025-10-28,2030-10-27,Blocked
1382,1731,Credit,2025-10-28,2030-10-27,Expired
277,2555,Credit,2025-10-29,2024-01-01,Blocked
79,2089,Credit,2025-11-01,2030-10-31,Expired
162,2205,Credit,2025-11-02,2030-11-01,Blocked
894,2807,Credit,2025-11-04,2030-11-03,Blocked
1547,1405,Credit,2024-01-01,2024-01-01,Blocked
507,2529,Credit,2025-11-08,2030-11-07,Active
175,2088,Credit,2025-11-08,2030-11-07,Expired
444,2494,Credit,2025-11-09,2030-11-08,Blocked
244,2525,Credit,2025-11-09,2030-11-08,Expired
1424,1626,Credit,2025-11-10,2030-11-09,Active
665,2685,Credit,2025-11-11,2024-01-01,Active
1007,2129,Credit,2025-11-13,2030-11-12,Expired
1266,1841,Credit,2025-11-13,2030-11-12,Active
1957,2387,Credit,2025-11-14,2030-11-13,Expired
996,2557,Credit,2025-11-14,2030-11-13,Blocked
1752,1853,Credit,2024-01-01,2030-11-14,Blocked
1835,1800,Credit,2025-11-16,2030-11-15,Active
1686,1030,Credit,2025-11-18,2030-11-17,Blocked
1701,1764,Credit,2025-11-18,2030-11-17,Active
769,2074,Credit,2025-11-19,2030-11-18,Blocked
532,2915,Credit,2025-11-19,2030-11-18,Blocked
824,1953,Credit,2025-11-19,2024-01-01,Expired
1330,2686,Credit,2025-11-19,2030-11-18,Blocked
346,1420,Credit,2025-11-23,2030-11-22,Active
1456,2151,Credit,2025-11-23,2030-11-22,Active
210,2619,Credit,2025-11-24,2030-11-23,Active
907,1679,Credit,2025-11-24,2030-11-23,Active
1759,2655,Credit,2025-11-25,2024-01-01,Expired
289,1578,Credit,2025-11-25,2030-11-24,Unknown
480,1903,Credit,2025-11-26,2030-11-25,Active
667,2753,Credit,2025-11-26,2030-11-25,Active
1911,1480,Credit,2025-11-27,2024-01-01,Active
513,1685,Credit,2025-11-28,2030-11-27,Active
1974,1895,Credit,2025-11-30,2030-11-29,Blocked
748,1416,Credit,2025-11-30,2030-11-29,Active
1249,1394,Credit,2024-01-01,2030-11-30,Active
280,1513,Credit,2024-01-01,2030-11-30,Expired
624,2881,Credit,2025-12-02,2030-12-01,Blocked
1656,1262,Credit,2025-12-03,2030-12-02,Expired
1344,1473,Credit,2025-12-03,2030-12-02,Expired
1808,2541,Credit,2025-12-03,2030-12-02,Blocked
827,1721,Credit,2025-12-04,2030-12-03,Active
1976,1910,Credit,2025-12-06,2030-12-05,Expired
184,1464,Credit,2025-12-06,2030-12-05,Unknown
1416,1305,Credit,2025-12-09,2030-12-08,Blocked
395,2879,Credit,2025-12-10,2030-12-09,Blocked
421,1499,Credit,2025-12-12,2030-12-11,Active
984,1338,Credit,2025-12-12,2030-12-11,Active
882,2118,Credit,2025-12-14,2030-12-13,Blocked
775,2017,Credit,2025-12-16,2030-12-15,Blocked
177,1429,Credit,2025-12-17,2030-12-16,Blocked
48,1695,Credit,2025-12-17,2030-12-16,Active
1280,2774,Credit,2025-12-19,2030-12-18,Active
283,1484,Credit,2024-01-01,2030-12-19,Blocked
693,1721,Credit,2024-01-01,2030-12-19,Active
938,1844,Credit,2025-12-20,2030-12-19,Active
716,2915,Credit,2025-12-21,2030-12-20,Expired
1028,1339,Credit,2025-12-22,2030-12-21,Blocked
1898,1099,Credit,2025-12-22,2030-12-21,Blocked
1146,2102,Credit,2025-12-23,2030-12-22,Unknown
249,2697,Credit,2025-12-23,2030-12-22,Expired
515,2115,Credit,2025-12-25,2030-12-24,Expired
698,1924,Credit,2025-12-26,2030-12-25,Unknown
351,1323,Credit,2025-12-26,2030-12-25,Active
735,2981,Credit,2025-12-28,2030-12-27,Expired
887,1777,Credit,2025-12-28,2030-12-27,Blocked
1750,2972,Credit,2025-12-29,2030-12-28,Active
964,2176,Debit,2024-01-02,2028-12-31,Blocked
1043,1508,Debit,2024-01-01,2029-01-02,Unknown
300,2669,Debit,2024-01-04,2029-01-02,Blocked
1773,2046,Debit,2024-01-04,2029-01-02,Blocked
88,2109,Debit,2024-01-05,2029-01-03,Active
1960,2913,Debit,2024-01-07,2029-01-05,Expired
989,1909,Debit,2024-01-08,2029-01-06,Unknown
14,2797,Debit,2024-01-09,2029-01-07,Expired
1235,1592,Debit,2024-01-09,2029-01-07,Active
416,2707,Debit,2024-01-09,2029-01-07,Active
340,2415,Debit,2024-01-11,2029-01-09,Blocked
1534,2810,Debit,2024-01-12,2029-01-10,Active
247,1908,Debit,2024-01-12,2029-01-10,Blocked
539,2273,Debit,2024-01-13,2029-01-11,Active
1981,1083,Debit,2024-01-14,2029-01-12,Expired
988,1950,Debit,2024-01-16,2029-01-14,Blocked
832,1254,Debit,2024-01-17,2029-01-15,Blocked
991,2443,Debit,2024-01-17,2029-01-15,Blocked
212,2658,Debit,2024-01-19,2029-01-17,Expired
581,1548,Debit,2024-01-21,2029-01-19,Blocked
982,2869,Debit,2024-01-21,2029-01-19,Blocked
387,1892,Debit,2024-01-21,2029-01-19,Blocked
1733,1497,Debit,2024-01-21,2029-01-19,Active
228,2281,Debit,2024-01-22,2029-01-20,Expired
304,1516,Debit,2024-01-24,2029-01-22,Blocked
1177,2313,Debit,2024-01-24,2029-01-22,Active
331,2192,Debit,2024-01-24,2029-01-22,Blocked
308,1386,Debit,2024-01-25,2029-01-23,Expired
127,1525,Debit,2024-01-26,2029-01-24,Active
658,1803,Debit,2024-01-26,2029-01-24,Unknown
222,1712,Debit,2024-01-26,2029-01-24,Blocked
159,2356,Debit,2024-01-31,2029-01-29,Active
112,1398,Debit,2024-02-01,2029-01-30,Expired
941,2625,Debit,2024-02-03,2029-02-01,Active
1746,2607,Debit,2024-02-04,2029-02-02,Blocked
174,1213,Debit,2024-02-05,2029-02-03,Unknown
101,2248,Debit,2024-02-05,2029-02-03,Expired
945,2116,Debit,2024-02-05,2029-02-03,Blocked
1014,2076,Debit,2024-02-06,2029-02-04,Blocked
999,1931,Debit,2024-02-07,2029-02-05,Blocked
1667,1629,Debit,2024-02-08,2029-02-06,Expired
1965,1268,Debit,2024-01-01,2029-02-07,Blocked
1178,2607,Debit,2024-02-12,2029-02-10,Expired
1136,1106,Debit,2024-01-01,2029-02-10,Blocked
450,2449,Debit,2024-02-12,2029-02-10,Blocked
1810,1759,Debit,2024-02-13,2029-02-11,Blocked
26,1103,Debit,2024-02-14,2029-02-12,Expired
1551,2803,Debit,2024-02-14,2029-02-12,Active
139,1581,Debit,2024-02-15,2029-02-13,Expired
599,1129,Debit,2024-02-15,2029-02-13,Blocked
1402,2792,Debit,2024-02-15,2029-02-13,Blocked
1572,2272,Debit,2024-02-16,2029-02-14,Expired
1575,1699,Debit,2024-02-16,2029-02-14,Expired
783,1292,Debit,2024-02-16,2029-02-14,Expired
490,1897,Debit,2024-02-21,2029-02-19,Active
764,1301,Debit,2024-01-01,2029-02-21,Blocked
1605,2039,Debit,2024-02-25,2029-02-23,Blocked
503,1351,Debit,2024-01-01,2029-02-24,Expired
8,2826,Debit,2024-01-01,2029-02-26,Active
1393,1555,Debit,2024-03-03,2029-03-02,Blocked
1415,1484,Debit,2024-03-04,2029-03-03,Active
1825,1511,Debit,2024-03-05,2029-03-04,Blocked
1435,1077,Debit,2024-03-05,2029-03-04,Expired
1484,1296,Debit,2024-01-01,2029-03-05,Active
1481,2725,Debit,2024-03-08,2029-03-07,Expired
1514,2768,Debit,2024-03-08,2029-03-07,Active
1689,2768,Debit,2024-03-09,2029-03-08,Expired
960,2462,Debit,2024-03-10,2029-03-09,Expired
727,2766,Debit,2024-03-13,2029-03-12,Active
1888,2135,Debit,2024-03-17,2029-03-16,Blocked
562,2325,Debit,2024-03-19,2029-03-18,Unknown
125,2584,Debit,2024-03-20,2029-03-19,Blocked
2,2933,Debit,2024-03-21,2029-03-20,Unknown
1216,1192,Debit,2024-03-22,2029-03-21,Expired
484,1177,Debit,2024-03-23,2029-03-22,Blocked
425,2814,Debit,2024-03-23,2029-03-22,Unknown
1335,1968,Debit,2024-03-27,2029-03-26,Blocked
169,1141,Debit,2024-01-01,2029-03-29,Expired
431,1095,Debit,2024-04-01,2029-03-31,Expired
442,1538,Debit,2024-04-02,2029-04-01,Active
1671,1814,Debit,2024-04-03,2029-04-02,Blocked
756,2870,Debit,2024-04-04,2029-04-03,Expired
1173,2726,Debit,2024-04-04,2029-04-03,Expired
273,1599,Debit,2024-04-05,2029-04-04,Expired
1333,1666,Debit,2024-04-06,2029-04-05,Blocked
463,1292,Debit,2024-04-06,2029-04-05,Blocked
1218,2675,Debit,2024-04-06,2029-04-05,Blocked
129,1600,Debit,2024-04-07,2029-04-06,Expired
245,2871,Debit,2024-01-01,2029-04-07,Expired
1188,2700,Debit,2024-04-08,2029-04-07,Expired
845,2696,Debit,2024-04-09,2029-04-08,Expired
1707,1667,Debit,2024-01-01,2029-04-09,Blocked
567,2988,Debit,2024-04-11,2029-04-10,Expired
813,1203,Debit,2024-04-15,2029-04-14,Expired
1281,2309,Debit,2024-04-16,2029-04-15,Unknown
1141,2415,Debit,2024-04-16,2029-04-15,Expired
1287,2926,Debit,2024-04-17,2029-04-16,Expired
595,1400,Debit,2024-01-01,2029-04-16,Blocked
1958,1098,Debit,2024-04-19,2029-04-18,Active
500,2908,Debit,2024-04-19,2029-04-18,Active
1840,1238,Debit,2024-04-22,2029-04-21,Expired
815,2976,Debit,2024-04-22,2029-04-21,Expired
138,2536,Debit,2024-04-27,2029-04-26,Active
1617,1246,Debit,2024-04-28,2029-04-27,Active
1903,2860,Debit,2024-05-03,2029-05-02,Active
153,1163,Debit,2024-05-06,2029-05-05,Blocked
1053,1105,Debit,2024-05-09,2029-05-08,Active
967,1044,Debit,2024-05-13,2029-05-12,Active
1066,1755,Debit,2024-05-16,2029-05-15,Active
553,1937,Debit,2024-05-16,2029-05-15,Active
1493,1879,Debit,2024-05-19,2029-05-18,Active
574,2922,Debit,2024-05-20,2029-05-19,Active
655,1667,Debit,2024-05-20,2029-05-19,Active
1926,2037,Debit,2024-05-21,2029-05-20,Active
1322,2009,Debit,2024-05-21,2029-05-20,Active
1504,2737,Debit,2024-05-21,2029-05-20,Expired
785,2757,Debit,2024-05-22,2029-05-21,Blocked
1729,2021,Debit,2024-05-23,2029-05-22,Blocked
1426,1402,Debit,2024-05-23,2029-05-22,Blocked
443,1811,Debit,2024-05-24,2029-05-23,Blocked
92,2085,Debit,2024-05-25,2029-05-24,Active
1012,2893,Debit,2024-05-28,2029-05-27,Active
1565,2733,Debit,2024-01-01,2029-05-29,Blocked
1390,2487,Debit,2024-06-06,2029-06-05,Active
156,1121,Debit,2024-06-07,2029-06-06,Unknown
1254,2398,Debit,2024-06-08,2029-06-07,Active
198,2459,Debit,2024-06-09,2029-06-08,Blocked
1115,2476,Debit,2024-06-10,2029-06-09,Active
472,2842,Debit,2024-01-01,2029-06-11,Active
105,1457,Debit,2024-06-14,2029-06-13,Expired
1433,1617,Debit,2024-06-14,2029-06-13,Expired
524,1226,Debit,2024-06-15,2029-06-14,Blocked
160,1795,Debit,2024-06-16,2029-06-15,Blocked
1609,2023,Debit,2024-06-17,2029-06-16,Blocked
155,2069,Debit,2024-06-17,2029-06-16,Unknown
1703,1911,Debit,2024-01-01,2029-06-16,Expired
257,1182,Debit,2024-06-18,2029-06-17,Expired
1690,2743,Debit,2024-06-20,2029-06-19,Unknown
695,1056,Debit,2024-01-01,2029-06-20,Blocked
509,2105,Debit,2024-06-21,2029-06-20,Active
1152,1905,Debit,2024-06-21,2029-06-20,Expired
1003,1662,Debit,2024-06-24,2029-06-23,Expired
1257,1344,Debit,2024-06-24,2029-06-23,Expired
1423,1252,Debit,2024-06-24,2029-06-23,Active
1410,1249,Debit,2024-06-24,2029-06-23,Expired
949,1710,Debit,2024-06-24,2029-06-23,Blocked
1021,2303,Debit,2024-06-25,2029-06-24,Expired
582,1657,Debit,2024-06-29,2029-06-28,Active
1018,2138,Debit,2024-06-30,2029-06-29,Expired
342,2289,Debit,2024-07-01,2029-06-30,Expired
1732,1014,Debit,2024-07-01,2029-06-30,Expired
954,1447,Debit,2024-07-06,2029-07-05,Blocked
1081,1822,Debit,2024-07-07,2029-07-06,Expired
555,2204,Debit,2024-07-08,2029-07-07,Blocked
514,1021,Debit,2024-07-08,2029-07-07,Active
1142,2473,Debit,2024-07-11,2029-07-10,Unknown
1296,1942,Debit,2024-07-12,2029-07-11,Blocked
868,2668,Debit,2024-07-13,2029-07-12,Expired
376,1799,Debit,2024-01-01,2029-07-12,Expired
511,1212,Debit,2024-07-14,2029-07-13,Blocked
962,2796,Debit,2024-07-14,2029-07-13,Active
1942,2064,Debit,2024-07-15,2029-07-14,Blocked
1696,1546,Debit,2024-07-16,2029-07-15,Blocked
1502,2407,Debit,2024-07-17,2029-07-16,Active
931,1408,Debit,2024-07-17,2029-07-16,Expired
77,1908,Debit,2024-07-17,2029-07-16,Active
231,1274,Debit,2024-07-18,2029-07-17,Active
1174,2657,Debit,2024-07-19,2029-07-18,Expired
747,1446,Debit,2024-07-19,2029-07-18,Blocked
1158,1946,Debit,2024-07-20,2029-07-19,Expired
1790,1919,Debit,2024-07-20,2029-07-19,Expired
1985,1285,Debit,2024-07-21,2029-07-20,Unknown
1531,2011,Debit,2024-07-24,2029-07-23,Active
1894,2585,Debit,2024-07-24,2029-07-23,Blocked
190,1073,Debit,2024-07-24,2029-07-23,Active
1180,1336,Debit,2024-07-24,2029-07-23,Expired
799,2896,Debit,2024-07-25,2029-07-24,Blocked
640,2239,Debit,2024-07-26,2029-07-25,Active
1405,2212,Debit,2024-07-26,2029-07-25,Active
1345,2436,Debit,2024-07-26,2029-07-25,Expired
188,1778,Debit,2024-07-28,2029-07-27,Blocked
674,2238,Debit,2024-07-29,2029-07-28,Expired
1001,2331,Debit,2024-07-30,2029-07-29,Blocked
1871,2424,Debit,2024-01-01,2029-07-30,Blocked
185,2012,Debit,2024-08-02,2029-08-01,Blocked
1760,2284,Debit,2024-08-03,2029-08-02,Active
602,1074,Debit,2024-08-04,2029-08-03,Active
1683,1145,Debit,2024-08-06,2029-08-05,Blocked
1386,1815,Debit,2024-08-06,2029-08-05,Active
541,2107,Debit,2024-08-07,2029-08-06,Active
722,1607,Debit,2024-08-08,2029-08-07,Blocked
180,1120,Debit,2024-08-09,2029-08-08,Expired
1234,2464,Debit,2024-08-09,2029-08-08,Expired
899,2172,Debit,2024-08-10,2029-08-09,Blocked
1697,2572,Debit,2024-08-11,2029-08-10,Blocked
380,1562,Debit,2024-08-11,2029-08-10,Expired
42,1825,Debit,2024-08-11,2029-08-10,Active
21,2367,Debit,2024-08-12,2029-08-11,Expired
164,1245,Debit,2024-08-15,2029-08-14,Blocked
1668,2499,Debit,2024-08-15,2029-08-14,Blocked
787,2687,Debit,2024-08-16,2029-08-15,Blocked
369,1703,Debit,2024-08-19,2029-08-18,Active
195,1487,Debit,2024-01-01,2029-08-22,Blocked
1276,2080,Debit,2024-08-23,2029-08-22,Active
1593,1755,Debit,2024-08-23,2029-08-22,Blocked
368,2871,Debit,2024-08-23,2029-08-22,Expired
1350,1468,Debit,2024-08-24,2029-08-23,Blocked
1089,2326,Debit,2024-01-01,2029-08-25,Blocked
1448,1569,Debit,2024-08-27,2029-08-26,Blocked
1543,2355,Debit,2024-08-29,2029-08-28,Blocked
50,2335,Debit,2024-01-01,2029-08-29,Active
596,1959,Debit,2024-08-30,2029-08-29,Active
1739,2480,Debit,2024-08-31,2029-08-30,Active
171,2418,Debit,2024-09-01,2029-08-31,Active
435,1497,Debit,2024-09-03,2029-09-02,Blocked
1532,2738,Debit,2024-09-04,2029-09-03,Blocked
1917,1870,Debit,2024-09-04,2029-09-03,Active
290,2596,Debit,2024-09-05,2029-09-04,Blocked
924,1485,Debit,2024-09-08,2029-09-07,Active
49,2773,Debit,2024-09-09,2029-09-08,Blocked
438,1934,Debit,2024-09-10,2029-09-09,Active
852,1778,Debit,2024-09-11,2029-09-10,Blocked
670,1429,Debit,2024-09-11,2029-09-10,Blocked
1666,2871,Debit,2024-09-11,2029-09-10,Blocked
1761,1022,Debit,2024-09-12,2029-09-11,Expired
179,2122,Debit,2024-09-14,2029-09-13,Blocked
1640,2340,Debit,2024-09-16,2029-09-15,Active
1652,2406,Debit,2024-09-17,2029-09-16,Blocked
630,1559,Debit,2024-01-01,2029-09-16,Blocked
1256,2701,Debit,2024-09-18,2029-09-17,Active
891,2194,Debit,2024-01-01,2029-09-17,Blocked
465,1418,Debit,2024-09-18,2029-09-17,Expired
591,2114,Debit,2024-09-20,2029-09-19,Expired
978,1134,Debit,2024-01-01,2029-09-19,Blocked
1990,2132,Debit,2024-09-24,2029-09-23,Active
1048,2484,Debit,2024-09-24,2029-09-23,Active
137,1528,Debit,2024-09-24,2029-09-23,Blocked
1268,1674,Debit,2024-09-26,2029-09-25,Expired
1622,2724,Debit,2024-09-27,2029-09-26,Expired
1454,1843,Debit,2024-09-27,2029-09-26,Active
728,2639,Debit,2024-09-28,2029-09-27,Blocked
1413,2505,Debit,2024-09-30,2029-09-29,Expired
590,1632,Debit,2024-10-02,2029-10-01,Unknown
952,1666,Debit,2024-10-03,2029-10-02,Expired
1077,2126,Debit,2024-10-06,2029-10-05,Blocked
1383,2796,Debit,2024-10-07,2029-10-06,Blocked
1432,1720,Debit,2024-10-09,2029-10-08,Blocked
1797,1788,Debit,2024-10-10,2029-10-09,Blocked
1239,2016,Debit,2024-10-10,2029-10-09,Blocked
946,2652,Debit,2024-10-10,2029-10-09,Blocked
1544,1005,Debit,2024-10-10,2029-10-09,Active
1932,1445,Debit,2024-10-11,2029-10-10,Expired
916,2707,Debit,2024-10-11,2029-10-10,Expired
721,1057,Debit,2024-10-12,2029-10-11,Blocked
1259,1540,Debit,2024-10-13,2029-10-12,Expired
1117,1013,Debit,2024-10-14,2029-10-13,Expired
1757,1137,Debit,2024-10-17,2029-10-16,Active
1560,1115,Debit,2024-10-17,2029-10-16,Active
657,1633,Debit,2024-01-01,2029-10-19,Active
325,2081,Debit,2024-10-21,2029-10-20,Expired
1312,1909,Debit,2024-10-25,2029-10-24,Active
573,1663,Debit,2024-10-25,2029-10-24,Active
5,1337,Debit,2024-10-26,2029-10-25,Active
1632,2361,Debit,2024-10-26,2029-10-25,Active
1601,1073,Debit,2024-10-27,2029-10-26,Blocked
103,2547,Debit,2024-10-27,2029-10-26,Expired
298,1576,Debit,2024-10-27,2029-10-26,Blocked
733,2042,Debit,2024-10-27,2029-10-26,Blocked
1429,1071,Debit,2024-10-31,2029-10-30,Blocked
965,1502,Debit,2024-11-01,2029-10-31,Blocked
878,2140,Debit,2024-11-01,2029-10-31,Active
979,1502,Debit,2024-11-02,2029-11-01,Blocked
1943,1775,Debit,2024-11-03,2029-11-02,Active
1936,2102,Debit,2024-11-04,2029-11-03,Expired
920,1453,Debit,2024-11-05,2029-11-04,Active
1765,2638,Debit,2024-11-06,2029-11-05,Expired
63,2220,Debit,2024-11-07,2029-11-06,Blocked
145,1923,Debit,2024-11-08,2029-11-07,Active
322,2352,Debit,2024-11-08,2029-11-07,Active
1839,2464,Debit,2024-11-09,2029-11-08,Expired
470,1899,Debit,2024-11-11,2029-11-10,Active
1896,2190,Debit,2024-01-01,2029-11-10,Active
1712,1851,Debit,2024-11-11,2029-11-10,Unknown
1562,1850,Debit,2024-01-01,2029-11-12,Active
1224,2415,Debit,2024-11-14,2029-11-13,Expired
1075,1668,Debit,2024-11-15,2029-11-14,Active
1019,1008,Debit,2024-11-15,2029-11-14,Unknown
1244,1534,Debit,2024-11-16,2029-11-15,Expired
1055,1179,Debit,2024-11-16,2029-11-15,Active
597,2309,Debit,2024-11-16,2029-11-15,Active
1093,2644,Debit,2024-11-16,2029-11-15,Unknown
1726,1859,Debit,2024-11-17,2029-11-16,Blocked
1979,2154,Debit,2024-11-19,2029-11-18,Expired
895,1290,Debit,2024-11-20,2029-11-19,Expired
627,1096,Debit,2024-11-20,2029-11-19,Active
108,2091,Debit,2024-11-21,2029-11-20,Active
549,2120,Debit,2024-11-22,2029-11-21,Blocked
1172,1391,Debit,2024-11-24,2029-11-23,Blocked
1735,1943,Debit,2024-11-25,2029-11-24,Blocked
650,2754,Debit,2024-11-25,2029-11-24,Expired
467,2475,Debit,2024-11-26,2029-11-25,Expired
1983,1600,Debit,2024-11-26,2029-11-25,Blocked
1984,2317,Debit,2024-11-26,2029-11-25,Blocked
740,1873,Debit,2024-11-26,2029-11-25,Expired
763,2963,Debit,2024-11-27,2029-11-26,Blocked
711,1031,Debit,2024-11-27,2029-11-26,Active
1616,2662,Debit,2024-11-28,2029-11-27,Active
182,1773,Debit,2024-11-29,2029-11-28,Blocked
986,1867,Debit,2024-01-01,2029-11-28,Blocked
93,1960,Debit,2024-12-01,2029-11-30,Expired
94,1157,Debit,2024-12-02,2029-12-01,Expired
1831,2153,Debit,2024-12-02,2029-12-01,Blocked
410,2522,Debit,2024-12-04,2029-12-03,Active
259,1896,Debit,2024-12-04,2029-12-03,Active
344,1346,Debit,2024-12-05,2029-12-04,Expired
723,1485,Debit,2024-12-06,2029-12-05,Active
1403,1356,Debit,2024-12-06,2029-12-05,Unknown
841,1071,Debit,2024-12-09,2029-12-08,Blocked
1023,1012,Debit,2024-12-09,2029-12-08,Expired
1310,2038,Debit,2024-12-12,2029-12-11,Active
955,2988,Debit,2024-12-13,2029-12-12,Blocked
1071,1853,Debit,2024-12-14,2029-12-13,Active
919,2591,Debit,2024-12-15,2029-12-14,Blocked
282,1878,Debit,2024-12-16,2029-12-15,Expired
1772,2688,Debit,2024-12-17,2029-12-16,Active
116,1696,Debit,2024-12-17,2029-12-16,Active
1959,2449,Debit,2024-12-18,2029-12-17,Unknown
616,2194,Debit,2024-12-18,2029-12-17,Active
27,2908,Debit,2024-12-19,2029-12-18,Expired
1107,2914,Debit,2024-12-19,2029-12-18,Expired
213,1218,Debit,2024-12-20,2029-12-19,Unknown
123,2810,Debit,2024-12-21,2029-12-20,Expired
694,2639,Debit,2024-12-21,2029-12-20,Active
482,1060,Debit,2024-01-01,2029-12-20,Blocked
1542,2179,Debit,2024-12-22,2029-12-21,Expired
1885,2769,Debit,2024-01-01,2029-12-24,Blocked
303,1550,Debit,2024-12-28,2029-12-27,Blocked
1420,2197,Debit,2024-12-28,2029-12-27,Active
285,1289,Debit,2024-12-30,2029-12-29,Blocked
1638,1358,Debit,2024-12-31,2029-12-30,Expired
1996,1027,Debit,2025-01-02,2030-01-01,Expired
394,2282,Debit,2025-01-03,2030-01-02,Active
348,2729,Debit,2025-01-03,2030-01-02,Blocked
276,2107,Debit,2025-01-05,2030-01-04,Active
46,1159,Debit,2025-01-06,2030-01-05,Expired
130,1896,Debit,2025-01-10,2030-01-09,Expired
396,1864,Debit,2025-01-10,2030-01-09,Unknown
31,2931,Debit,2025-01-14,2030-01-13,Expired
262,2828,Debit,2025-01-16,2030-01-15,Blocked
668,1432,Debit,2025-01-17,2030-01-16,Active
1108,2789,Debit,2025-01-17,2030-01-16,Blocked
393,2503,Debit,2025-01-17,2030-01-16,Expired
475,2773,Debit,2025-01-18,2030-01-17,Expired
1439,2006,Debit,2025-01-18,2030-01-17,Blocked
1056,2507,Debit,2025-01-19,2030-01-18,Blocked
1387,1620,Debit,2025-01-19,2030-01-18,Expired
1538,1488,Debit,2024-01-01,2030-01-19,Expired
1446,2060,Debit,2025-01-23,2030-01-22,Blocked
796,1253,Debit,2025-01-25,2030-01-24,Expired
1611,1583,Debit,2025-01-26,2030-01-25,Active
569,2610,Debit,2025-01-27,2030-01-26,Active
493,1360,Debit,2025-01-28,2030-01-27,Expired
126,1809,Debit,2025-01-29,2030-01-28,Active
1452,1452,Debit,2025-01-31,2030-01-30,Blocked
922,1532,Debit,2025-02-02,2030-02-01,Blocked
440,1122,Debit,2025-02-02,2030-02-01,Blocked
1063,2270,Debit,2025-02-02,2030-02-01,Active
1313,2095,Debit,2024-01-01,2030-02-03,Blocked
659,1277,Debit,2025-02-04,2030-02-03,Unknown
680,1634,Debit,2025-02-04,2030-02-03,Blocked
272,2753,Debit,2025-02-06,2030-02-05,Expired
292,1778,Debit,2025-02-08,2030-02-07,Active
204,1210,Debit,2025-02-11,2030-02-10,Expired
299,1278,Debit,2025-02-11,2030-02-10,Expired
604,1070,Debit,2024-01-01,2030-02-10,Active
551,1657,Debit,2025-02-12,2030-02-11,Expired
663,2244,Debit,2025-02-12,2030-02-11,Active
682,1102,Debit,2025-02-13,2030-02-12,Active
1859,1433,Debit,2025-02-17,2030-02-16,Active
1580,1525,Debit,2025-02-19,2030-02-18,Blocked
1352,2575,Debit,2024-01-01,2030-02-22,Blocked
286,2710,Debit,2025-02-24,2030-02-23,Unknown
1940,2834,Debit,2024-01-01,2030-02-23,Active
146,2763,Debit,2025-02-24,2030-02-23,Blocked
1924,2747,Debit,2025-02-26,2030-02-25,Active
1057,1074,Debit,2025-02-26,2030-02-25,Expired
1000,2567,Debit,2025-02-27,2030-02-26,Active
1295,2120,Debit,2025-03-06,2030-03-05,Expired
1505,1627,Debit,2025-03-06,2030-03-05,Active
24,2741,Debit,2025-03-07,2030-03-06,Blocked
1110,1133,Debit,2025-03-08,2030-03-07,Active
1292,2427,Debit,2025-03-09,2030-03-08,Blocked
825,1848,Debit,2024-01-01,2030-03-09,Expired
1215,1016,Debit,2025-03-11,2030-03-10,Blocked
879,1209,Debit,2025-03-12,2030-03-11,Active
1400,1414,Debit,2025-03-13,2030-03-12,Expired
1768,2656,Debit,2025-03-14,2030-03-13,Active
84,2807,Debit,2025-03-15,2030-03-14,Active
1389,1888,Debit,2025-03-16,2030-03-15,Unknown
940,2811,Debit,2025-03-18,2030-03-17,Active
862,1971,Debit,2025-03-19,2030-03-18,Blocked
1635,1785,Debit,2025-03-20,2030-03-19,Expired
1675,2886,Debit,2025-03-20,2030-03-19,Active
639,2886,Debit,2025-03-22,2030-03-21,Expired
458,1391,Debit,2025-03-23,2030-03-22,Expired
336,2243,Debit,2025-03-23,2030-03-22,Unknown
1182,1669,Debit,2025-03-24,2030-03-23,Expired
1363,1534,Debit,2025-03-25,2030-03-24,Expired
502,2387,Debit,2025-03-25,2030-03-24,Blocked
1637,2547,Debit,2025-03-25,2030-03-24,Blocked
521,1945,Debit,2025-03-28,2030-03-27,Blocked
1968,2798,Debit,2025-03-29,2030-03-28,Active
1803,2088,Debit,2025-03-31,2030-03-30,Expired
1082,2634,Debit,2025-04-03,2030-04-02,Blocked
206,1143,Debit,2025-04-03,2030-04-02,Expired
1339,1006,Debit,2025-04-06,2030-04-05,Active
1809,1240,Debit,2025-04-07,2030-04-06,Active
1005,2965,Debit,2024-01-01,2030-04-08,Active
1915,2020,Debit,2024-01-01,2030-04-08,Active
1271,1141,Debit,2025-04-10,2030-04-09,Expired
1972,1852,Debit,2025-04-11,2030-04-10,Expired
1646,1346,Debit,2025-04-11,2030-04-10,Active
800,2328,Debit,2025-04-11,2030-04-10,Blocked
510,2490,Debit,2025-04-12,2030-04-11,Unknown
1630,1007,Debit,2025-04-13,2030-04-12,Blocked
43,2454,Debit,2025-04-14,2030-04-13,Expired
1147,2611,Debit,2025-04-15,2030-04-14,Blocked
957,2229,Debit,2025-04-18,2030-04-17,Expired
972,2448,Debit,2025-04-18,2030-04-17,Expired
25,1730,Debit,2025-04-18,2030-04-17,Blocked
1725,1839,Debit,2025-04-19,2030-04-18,Active
1288,2128,Debit,2025-04-19,2030-04-18,Blocked
1478,1071,Debit,2025-04-20,2030-04-19,Active
1465,2701,Debit,2025-04-21,2030-04-20,Blocked
587,1121,Debit,2025-04-21,2030-04-20,Expired
4,2721,Debit,2024-01-01,2030-04-21,Unknown
449,2591,Debit,2025-04-22,2030-04-21,Blocked
1970,2805,Debit,2025-04-23,2030-04-22,Active
170,1339,Debit,2025-04-24,2030-04-23,Unknown
1305,2526,Debit,2025-04-24,2030-04-23,Active
11,1650,Debit,2025-04-26,2030-04-25,Expired
1520,1282,Debit,2025-04-27,2030-04-26,Unknown
1285,2833,Debit,2025-04-27,2030-04-26,Expired
853,1353,Debit,2025-04-29,2030-04-28,Active
407,2376,Debit,2024-01-01,2030-04-28,Blocked
1209,1514,Debit,2025-04-30,2030-04-29,Expired
1252,1704,Debit,2025-05-01,2030-04-30,Active
508,1603,Debit,2025-05-02,2030-05-01,Active
1662,2820,Debit,2024-01-01,2030-05-01,Active
877,1732,Debit,2025-05-03,2030-05-02,Expired
1340,2604,Debit,2025-05-04,2030-05-03,Active
373,2246,Debit,2024-01-01,2030-05-03,Unknown
408,1230,Debit,2025-05-04,2030-05-03,Expired
1664,2642,Debit,2025-05-05,2030-05-04,Blocked
1892,2007,Debit,2025-05-06,2030-05-05,Blocked
1328,1740,Debit,2025-05-08,2030-05-07,Active
1201,1127,Debit,2025-05-08,2030-05-07,Blocked
1607,2727,Debit,2025-05-09,2030-05-08,Blocked
267,1074,Debit,2025-05-10,2030-05-09,Expired
18,1589,Debit,2025-05-10,2030-05-09,Expired
1487,1135,Debit,2025-05-11,2030-05-10,Unknown
660,2782,Debit,2024-01-01,2030-05-12,Expired
1806,1189,Debit,2025-05-15,2030-05-14,Blocked
1727,1682,Debit,2024-01-01,2030-05-14,Blocked
762,1660,Debit,2025-05-16,2030-05-15,Active
1270,2616,Debit,2025-05-19,2030-05-18,Expired
1841,1753,Debit,2025-05-20,2030-05-19,Expired
1691,1504,Debit,2024-01-01,2030-05-20,Active
1297,2142,Debit,2025-05-22,2030-05-21,Expired
1123,1764,Debit,2025-05-23,2030-05-22,Expired
1482,2853,Debit,2025-05-23,2030-05-22,Active
1179,1122,Debit,2025-05-25,2030-05-24,Active
1599,2161,Debit,2025-05-26,2030-05-25,Expired
1084,2595,Debit,2025-05-27,2030-05-26,Expired
908,2607,Debit,2025-05-28,2030-05-27,Active
1627,1912,Debit,2025-05-29,2030-05-28,Blocked
1494,2382,Debit,2025-05-29,2030-05-28,Expired
584,2853,Debit,2025-05-30,2030-05-29,Blocked
1864,2451,Debit,2025-06-02,2030-06-01,Blocked
1501,2038,Debit,2025-06-02,2030-06-01,Active
1845,1101,Debit,2024-01-01,2030-06-02,Expired
547,1527,Debit,2025-06-03,2030-06-02,Blocked
980,1443,Debit,2025-06-04,2030-06-03,Active
1248,2281,Debit,2025-06-04,2030-06-03,Expired
1364,2778,Debit,2025-06-05,2030-06-04,Blocked
1358,2036,Debit,2025-06-06,2030-06-05,Expired
1113,1828,Debit,2025-06-08,2030-06-07,Blocked
768,1140,Debit,2024-01-01,2030-06-09,Active
963,2786,Debit,2025-06-11,2030-06-10,Expired
1517,1775,Debit,2025-06-13,2030-06-12,Blocked
527,1965,Debit,2025-06-14,2030-06-13,Blocked
704,1834,Debit,2025-06-14,2030-06-13,Expired
54,1410,Debit,2025-06-14,2030-06-13,Unknown
1153,1144,Debit,2024-01-01,2030-06-14,Expired
1595,1048,Debit,2025-06-15,2030-06-14,Active
620,1387,Debit,2025-06-16,2030-06-15,Blocked
1013,2485,Debit,2025-06-17,2030-06-16,Expired
107,1244,Debit,2025-06-17,2030-06-16,Expired
1255,1864,Debit,2025-06-19,2030-06-18,Expired
1804,1860,Debit,2025-06-20,2030-06-19,Expired
779,1058,Debit,2024-01-01,2030-06-19,Blocked
1306,1303,Debit,2025-06-21,2030-06-20,Expired
193,2242,Debit,2025-06-21,2030-06-20,Expired
37,2605,Debit,2025-06-24,2030-06-23,Active
1929,2110,Debit,2024-01-01,2030-06-23,Unknown
334,1876,Debit,2025-06-25,2030-06-24,Active
752,2366,Debit,2025-06-25,2030-06-24,Blocked
1918,1858,Debit,2025-06-26,2030-06-25,Blocked
1796,2107,Debit,2025-06-26,2030-06-25,Blocked
287,2329,Debit,2025-06-26,2030-06-25,Blocked
1882,2080,Debit,2025-06-27,2030-06-26,Unknown
278,2448,Debit,2025-06-30,2030-06-29,Active
516,2718,Debit,2025-06-30,2030-06-29,Expired
925,2542,Debit,2025-07-01,2030-06-30,Blocked
939,2390,Debit,2025-07-01,2030-06-30,Blocked
332,1833,Debit,2025-07-02,2030-07-01,Active
523,1265,Debit,2025-07-03,2030-07-02,Blocked
1904,1002,Debit,2025-07-04,2030-07-03,Expired
205,1147,Debit,2025-07-06,2030-07-05,Active
478,1157,Debit,2025-07-06,2030-07-05,Active
261,1897,Debit,2025-07-08,2030-07-07,Unknown
275,1492,Debit,2025-07-10,2030-07-09,Expired
239,1443,Debit,2025-07-13,2030-07-12,Blocked
1682,1853,Debit,2025-07-14,2030-07-13,Unknown
1597,2493,Debit,2025-07-16,2030-07-15,Expired
1937,1013,Debit,2025-07-18,2030-07-17,Expired
776,1678,Debit,2025-07-19,2030-07-18,Expired
855,1329,Debit,2024-01-01,2030-07-20,Active
772,2263,Debit,2025-07-21,2030-07-20,Expired
451,1325,Debit,2025-07-23,2030-07-22,Expired
1568,2769,Debit,2025-07-24,2030-07-23,Expired
1533,2551,Debit,2025-07-24,2030-07-23,Active
766,1517,Debit,2025-07-24,2030-07-23,Blocked
1193,2279,Debit,2025-07-26,2030-07-25,Blocked
86,1543,Debit,2025-07-27,2030-07-26,Active
505,1933,Debit,2025-07-29,2030-07-28,Expired
917,1571,Debit,2025-07-30,2030-07-29,Active
1867,1060,Debit,2025-07-30,2030-07-29,Blocked
1130,2260,Debit,2025-07-30,2030-07-29,Expired
1098,1091,Debit,2025-07-31,2030-07-30,Active
1122,1284,Debit,2025-07-31,2030-07-30,Blocked
386,1812,Debit,2025-07-31,2030-07-30,Active
653,1799,Debit,2025-08-01,2030-07-31,Expired
1715,2044,Debit,2025-08-01,2030-07-31,Blocked
861,2830,Debit,2025-08-02,2030-08-01,Unknown
53,2480,Debit,2025-08-03,2030-08-02,Active
157,2161,Debit,2025-08-05,2030-08-04,Expired
1906,1765,Debit,2025-08-05,2030-08-04,Blocked
570,1216,Debit,2025-08-07,2030-08-06,Active
1190,2923,Debit,2025-08-08,2030-08-07,Active
1598,2533,Debit,2025-08-09,2030-08-08,Blocked
1020,2077,Debit,2025-08-10,2030-08-09,Active
474,2310,Debit,2024-01-01,2030-08-11,Unknown
1620,2227,Debit,2025-08-13,2030-08-12,Unknown
62,1552,Debit,2025-08-13,2030-08-12,Blocked
864,1882,Debit,2025-08-13,2030-08-12,Blocked
1102,1199,Debit,2025-08-14,2030-08-13,Blocked
974,2963,Debit,2025-08-14,2030-08-13,Expired
875,2944,Debit,2025-08-15,2030-08-14,Blocked
1226,2966,Debit,2025-08-16,2030-08-15,Active
918,2524,Debit,2025-08-16,2030-08-15,Active
828,1140,Debit,2025-08-17,2030-08-16,Active
1451,2132,Debit,2025-08-19,2030-08-18,Blocked
253,2961,Debit,2025-08-19,2030-08-18,Expired
269,2338,Debit,2025-08-19,2030-08-18,Active
417,2329,Debit,2025-08-19,2030-08-18,Expired
774,2406,Debit,2025-08-20,2030-08-19,Blocked
209,2212,Debit,2025-08-21,2030-08-20,Expired
1002,1673,Debit,2025-08-21,2030-08-20,Blocked
1134,2969,Debit,2025-08-21,2030-08-20,Blocked
1104,2380,Debit,2025-08-26,2030-08-25,Active
1185,2702,Debit,2025-08-28,2030-08-27,Active
589,1614,Debit,2025-08-28,2030-08-27,Active
593,2824,Debit,2025-08-30,2030-08-29,Expired
1083,1273,Debit,2025-08-30,2030-08-29,Expired
1702,1705,Debit,2025-09-05,2030-09-04,Blocked
1348,1207,Debit,2025-09-06,2030-09-05,Blocked
1506,1426,Debit,2025-09-08,2030-09-07,Expired
1384,1027,Debit,2025-09-08,2030-09-07,Blocked
1626,1385,Debit,2025-09-09,2030-09-08,Active
1024,1664,Debit,2025-09-12,2030-09-11,Active
1290,2193,Debit,2025-09-12,2030-09-11,Expired
1165,2510,Debit,2025-09-14,2030-09-13,Blocked
459,1255,Debit,2025-09-15,2030-09-14,Expired
97,1882,Debit,2025-09-16,2030-09-15,Unknown
1140,1954,Debit,2025-09-16,2030-09-15,Expired
476,2840,Debit,2025-09-16,2030-09-15,Active
739,1844,Debit,2025-09-17,2030-09-16,Expired
1468,1538,Debit,2025-09-18,2030-09-17,Active
1497,1286,Debit,2025-09-18,2030-09-17,Active
1197,1030,Debit,2025-09-19,2030-09-18,Blocked
1291,2740,Debit,2025-09-20,2030-09-19,Blocked
433,1580,Debit,2024-01-01,2030-09-20,Blocked
1199,1212,Debit,2025-09-22,2030-09-21,Blocked
1181,1262,Debit,2025-09-22,2030-09-21,Active
628,2950,Debit,2025-09-26,2030-09-25,Active
518,1312,Debit,2025-09-26,2030-09-25,Expired
713,2348,Debit,2024-01-01,2030-09-25,Blocked
1206,1056,Debit,2024-01-01,2030-09-26,Expired
821,2955,Debit,2024-01-01,2030-09-27,Expired
1928,2686,Debit,2025-09-28,2030-09-27,Blocked
1395,2793,Debit,2025-09-29,2030-09-28,Active
356,1135,Debit,2025-09-30,2030-09-29,Active
1275,1192,Debit,2025-09-30,2030-09-29,Active
1995,1947,Debit,2025-10-01,2030-09-30,Expired
1541,1397,Debit,2025-10-02,2030-10-01,Expired
1684,2338,Debit,2025-10-02,2030-10-01,Expired
1068,2858,Debit,2024-01-01,2030-10-06,Blocked
951,1669,Debit,2025-10-07,2030-10-06,Active
1939,1112,Debit,2024-01-01,2030-10-07,Active
250,2402,Debit,2025-10-08,2030-10-07,Unknown
1388,1146,Debit,2025-10-09,2030-10-08,Active
371,1410,Debit,2025-10-09,2030-10-08,Expired
142,1237,Debit,2024-01-01,2030-10-09,Blocked
971,1058,Debit,2025-10-11,2030-10-10,Expired
1537,2680,Debit,2025-10-12,2030-10-11,Active
140,2935,Debit,2025-10-13,2030-10-12,Expired
227,2277,Debit,2025-10-14,2030-10-13,Active
901,2022,Debit,2025-10-14,2030-10-13,Expired
1833,2332,Debit,2025-10-15,2030-10-14,Active
1954,2275,Debit,2025-10-15,2030-10-14,Blocked
1319,2127,Debit,2025-10-16,2030-10-15,Expired
1167,1279,Debit,2025-10-17,2030-10-16,Active
700,2844,Debit,2025-10-18,2030-10-17,Active
264,2389,Debit,2025-10-19,2030-10-18,Active
1590,2013,Debit,2025-10-19,2030-10-18,Unknown
943,1796,Debit,2025-10-19,2030-10-18,Active
718,1074,Debit,2025-10-20,2030-10-19,Active
1065,2505,Debit,2025-10-20,2030-10-19,Expired
1792,1393,Debit,2025-10-21,2030-10-20,Expired
847,2423,Debit,2025-10-22,2030-10-21,Blocked
411,1755,Debit,2025-10-23,2030-10-22,Blocked
258,2267,Debit,2025-10-23,2030-10-22,Unknown
375,2534,Debit,2025-10-24,2030-10-23,Active
1793,2339,Debit,2025-10-27,2030-10-26,Expired
415,2645,Debit,2025-10-27,2030-10-26,Active
1526,1925,Debit,2025-10-30,2030-10-29,Unknown
75,1492,Debit,2025-10-31,2030-10-30,Expired
1379,1908,Debit,2025-11-01,2030-10-31,Active
731,1600,Debit,2025-11-02,2030-11-01,Blocked
546,1017,Debit,2025-11-03,2030-11-02,Blocked
413,2656,Debit,2025-11-03,2030-11-02,Blocked
489,2991,Debit,2025-11-03,2030-11-02,Blocked
1301,1150,Debit,2025-11-05,2030-11-04,Expired
1396,1913,Debit,2025-11-06,2030-11-05,Blocked
829,1354,Debit,2025-11-06,2030-11-05,Blocked
1857,1212,Debit,2025-11-06,2030-11-05,Blocked
683,2288,Debit,2024-01-01,2030-11-06,Blocked
1460,2768,Debit,2025-11-09,2030-11-08,Expired
724,2896,Debit,2025-11-09,2030-11-08,Blocked
1952,2129,Debit,2025-11-10,2030-11-09,Blocked
811,1654,Debit,2025-11-10,2030-11-09,Active
1469,2234,Debit,2025-11-11,2030-11-10,Blocked
1763,1489,Debit,2025-11-12,2030-11-11,Expired
485,1124,Debit,2025-11-13,2030-11-12,Active
1890,2771,Debit,2025-11-14,2030-11-13,Expired
1776,2683,Debit,2025-11-15,2030-11-14,Unknown
742,1651,Debit,2025-11-15,2030-11-14,Expired
1778,1747,Debit,2025-11-16,2030-11-15,Unknown
880,2338,Debit,2025-11-16,2030-11-15,Blocked
588,2968,Debit,2025-11-16,2030-11-15,Unknown
414,1789,Debit,2025-11-16,2030-11-15,Expired
40,1608,Debit,2025-11-17,2030-11-16,Active
1528,2883,Debit,2025-11-18,2030-11-17,Blocked
419,1179,Debit,2025-11-18,2030-11-17,Active
118,1199,Debit,2025-11-19,2030-11-18,Expired
402,1472,Debit,2025-11-19,2030-11-18,Unknown
29,1975,Debit,2025-11-20,2030-11-19,Active
143,1587,Debit,2025-11-21,2030-11-20,Active
219,1333,Debit,2024-01-01,2030-11-20,Expired
1260,2421,Debit,2025-11-22,2030-11-21,Active
1228,1045,Debit,2025-11-23,2030-11-22,Unknown
1111,2563,Debit,2025-11-25,2030-11-24,Active
782,1407,Debit,2025-11-27,2030-11-26,Expired
23,2430,Debit,2025-11-28,2030-11-27,Expired
1736,2981,Debit,2025-11-28,2030-11-27,Unknown
1121,1561,Debit,2025-11-28,2030-11-27,Active
1168,2493,Debit,2025-11-29,2030-11-28,Active
1119,1540,Debit,2025-11-29,2030-11-28,Expired
1738,2407,Debit,2025-12-01,2030-11-30,Expired
804,1037,Debit,2025-12-01,2030-11-30,Active
540,2881,Debit,2025-12-04,2030-12-03,Active
19,2606,Debit,2025-12-04,2030-12-03,Active
1657,1867,Debit,2025-12-06,2030-12-05,Expired
903,2446,Debit,2025-12-07,2030-12-06,Expired
330,2178,Debit,2025-12-08,2030-12-07,Blocked
1094,1723,Debit,2025-12-10,2030-12-09,Expired
1373,2314,Debit,2025-12-11,2030-12-10,Expired
1938,1103,Debit,2025-12-12,2030-12-11,Active
1930,1754,Debit,2025-12-15,2030-12-14,Expired
1561,1783,Debit,2024-01-01,2030-12-16,Blocked
234,1050,Debit,2025-12-17,2030-12-16,Expired
606,1752,Debit,2025-12-18,2030-12-17,Blocked
1035,1330,Debit,2025-12-18,2030-12-17,Expired
1578,1741,Debit,2025-12-19,2030-12-18,Blocked
905,2795,Debit,2025-12-20,2030-12-19,Unknown
750,2758,Debit,2025-12-21,2030-12-20,Expired
1789,2669,Debit,2025-12-21,2030-12-20,Active
318,2352,Debit,2025-12-25,2030-12-24,Expired
512,1595,Debit,2025-12-28,2030-12-27,Expired
1814,1724,Debit,2025-12-30,2030-12-29,Active
1004,1540,Debit,2025-12-30,2030-12-29,Active
215,1586,Debit,2025-12-31,2030-12-30,Active
0,1766,Debit,2024-01-06,2024-01-01,Active
1674,2591,Debit,2024-01-07,2024-01-01,Blocked
60,2367,Debit,2024-01-24,2024-01-01,Blocked
181,2320,Debit,2024-02-09,2024-01-01,Active
1436,2437,Debit,2024-02-11,2024-01-01,Active
1951,2306,Debit,2024-02-18,2024-01-01,Blocked
1480,1573,Debit,2024-03-02,2024-01-01,Active
1096,2097,Debit,2024-03-07,2024-01-01,Blocked
1608,2491,Debit,2024-01-01,2024-01-01,Active
1431,2957,Debit,2024-03-31,2024-01-01,Expired
45,2250,Debit,2024-04-01,2024-01-01,Active
1693,2657,Debit,2024-04-01,2024-01-01,Blocked
1589,2796,Debit,2024-01-01,2024-01-01,Blocked
1067,1614,Debit,2024-04-13,2024-01-01,Blocked
1830,2307,Debit,2024-04-14,2024-01-01,Active
1438,2794,Debit,2024-04-23,2024-01-01,Active
983,1566,Debit,2024-04-25,2024-01-01,Expired
383,2258,Debit,2024-05-09,2024-01-01,Active
902,2732,Debit,2024-05-14,2024-01-01,Blocked
1425,1276,Debit,2024-05-14,2024-01-01,Blocked
605,1779,Debit,2024-05-17,2024-01-01,Active
460,1043,Debit,2024-05-24,2024-01-01,Active
975,1658,Debit,2024-06-03,2024-01-01,Active
187,1938,Debit,2024-06-16,2024-01-01,Blocked
1801,1834,Debit,2024-07-20,2024-01-01,Blocked
831,2594,Debit,2024-07-22,2024-01-01,Blocked
1602,2083,Debit,2024-08-10,2024-01-01,Active
1189,2586,Debit,2024-08-20,2024-01-01,Active
409,2524,Debit,2024-08-22,2024-01-01,Blocked
1535,1337,Debit,2024-09-13,2024-01-01,Blocked
1591,2368,Debit,2024-09-24,2024-01-01,Blocked
1571,1826,Debit,2024-10-15,2024-01-01,Blocked
575,2320,Debit,2024-11-02,2024-01-01,Active
199,1419,Debit,2024-11-07,2024-01-01,Active
666,1736,Debit,2024-11-10,2024-01-01,Active
404,1267,Debit,2024-11-23,2024-01-01,Blocked
561,1985,Debit,2024-11-26,2024-01-01,Expired
1935,2468,Debit,2024-12-10,2024-01-01,Active
706,1237,Debit,2024-12-16,2024-01-01,Unknown
1440,1752,Debit,2024-01-01,2024-01-01,Expired
843,1222,Debit,2025-01-05,2024-01-01,Blocked
426,1561,Debit,2025-01-14,2024-01-01,Blocked
892,1953,Debit,2025-01-17,2024-01-01,Blocked
1600,2245,Debit,2024-01-01,2024-01-01,Active
1688,1227,Debit,2025-02-09,2024-01-01,Expired
1325,2404,Debit,2025-02-26,2024-01-01,Expired
1933,1382,Debit,2025-03-09,2024-01-01,Active
839,2057,Debit,2025-03-15,2024-01-01,Active
1245,1887,Debit,2025-03-31,2024-01-01,Active
936,2515,Debit,2025-05-31,2024-01-01,Expired
1564,2027,Debit,2025-07-03,2024-01-01,Active
1091,1234,Debit,2025-07-08,2024-01-01,Active
699,1999,Debit,2025-07-18,2024-01-01,Expired
246,2470,Debit,2025-07-25,2024-01-01,Blocked
773,2385,Debit,2025-07-28,2024-01-01,Blocked
1545,1629,Debit,2025-07-30,2024-01-01,Active
237,2018,Debit,2025-08-04,2024-01-01,Active
1157,1549,Debit,2025-08-10,2024-01-01,Expired
131,2493,Debit,2025-09-03,2024-01-01,Blocked
104,2198,Debit,2025-09-04,2024-01-01,Expired
323,1291,Debit,2025-09-13,2024-01-01,Blocked
141,1254,Debit,2025-09-27,2024-01-01,Expired
469,1292,Debit,2025-09-30,2024-01-01,Active
1540,2555,Debit,2025-10-04,2024-01-01,Active
921,1720,Debit,2025-10-05,2024-01-01,Expired
306,2647,Debit,2025-10-10,2024-01-01,Blocked
144,1932,Debit,2024-01-01,2024-01-01,Active
969,1730,Debit,2025-10-26,2024-01-01,Active
1587,2048,Debit,2025-10-30,2024-01-01,Active
1905,2012,Debit,2025-11-06,2024-01-01,Active
629,1307,Debit,2025-11-11,2024-01-01,Expired
70,2416,Debit,2025-12-01,2024-01-01,Blocked
315,2370,Debit,2025-12-02,2024-01-01,Expired
328,1448,Debit,2025-12-04,2024-01-01,Unknown
1264,2639,Debit,2025-12-19,2024-01-01,Expired
1274,2662,Debit,2025-12-27,2024-01-01,Expired
1687,2862,Debit,2025-12-30,2024-01-01,Blocked
